matieres_preferees,centres_interet,competences,environnement_travail,serie_bac,domaine_genere_pour,label_noise,domaine_recommande
"Biologie / Santé, Agriculture / Elevage",Biologie / Santé,,atelier,D,agriculture_elevage,False,agriculture_elevage
"Physique / Electronique, Mathématiques, Mathématiques",Physique / Electronique,Mécanique / Industrie,atelier,Autre,genie_industriel,False,genie_industriel
"Gestion / Entreprise, Statistiques / Données","Economie, Mathématiques, Economie",Statistiques / Données,bureau,A,economie_management,False,economie_management
"Biologie / Santé, Agriculture / Elevage",Agriculture / Elevage,"Biologie / Santé, Agriculture / Elevage",terrain,S,agriculture_elevage,False,agriculture_elevage
"Mathématiques, Mécanique / Industrie, Génie civil / Architecture","Génie civil / Architecture, Génie civil / Architecture",,terrain,Autre,genie_civil,False,genie_civil
"Mathématiques, Gestion / Entreprise","Finance / Comptabilité, Finance / Comptabilité",,bureau,Technique,finance_comptabilite,True,genie_civil
"Droit / Juridique, Langues étrangères","Droit / Juridique, Langues étrangères",Droit / Juridique,bureau,D,droit,False,droit
"Physique / Electronique, Mécanique / Industrie, Mécanique / Industrie",Physique / Electronique,,atelier,D,genie_industriel,False,genie_industriel
"Droit / Juridique, Langues étrangères","Droit / Juridique, Langues étrangères",,bureau,A,droit,False,droit
"Chimie, Biologie / Santé, Agriculture / Elevage, Agroalimentaire","Agroalimentaire, Agriculture / Elevage, Agriculture / Elevage","Agroalimentaire, Biologie / Santé",laboratoire,D,agroalimentaire,False,agroalimentaire
"Mathématiques, Informatique / Programmation, Informatique / Programmation","Statistiques / Données, Mathématiques",,bureau,D,data_ia,False,data_ia
"Physique / Electronique, Intelligence artificielle","Intelligence artificielle, Informatique / Programmation",,atelier,D,reseaux_electronique,False,reseaux_electronique
"Intelligence artificielle, Communication","Intelligence artificielle, Gestion / Entreprise, Réseaux / Systèmes","Mathématiques, Intelligence artificielle",contact_client,D,informatique_numerique,False,informatique_numerique
"Informatique / Programmation, Gestion / Entreprise, Mathématiques","Réseaux / Systèmes, Réseaux / Systèmes, Intelligence artificielle",,bureau,C,informatique_numerique,False,informatique_numerique
"Mathématiques, Mécanique / Industrie, Génie civil / Architecture",Génie civil / Architecture,"Génie civil / Architecture, Mathématiques",terrain,D,genie_civil,False,genie_civil
"Communication, Langues étrangères, Tourisme / Environnement",Hôtellerie / Accueil,Langues étrangères,contact_client,A,hotellerie_restauration,False,hotellerie_restauration
"Mathématiques, Mécanique / Industrie, Génie civil / Architecture",Génie civil / Architecture,"Mathématiques, Mathématiques",terrain,S,genie_civil,False,genie_civil
"Biologie / Santé, Agriculture / Elevage","Biologie / Santé, Agriculture / Elevage",Agriculture / Elevage,terrain,C,agriculture_elevage,True,pharmacie_sante
"Gestion / Entreprise, Statistiques / Données",Economie,,contact_client,D,economie_management,False,economie_management
"Physique / Electronique, Intelligence artificielle, Informatique / Programmation","Informatique / Programmation, Intelligence artificielle, Physique / Electronique",,contact_client,S,reseaux_electronique,False,reseaux_electronique
"Chimie, Biologie / Santé, Pharmacie / Médicament",Chimie,,laboratoire,D,pharmacie_sante,False,pharmacie_sante
"Tourisme / Environnement, Langues étrangères","Tourisme / Environnement, Langues étrangères","Tourisme / Environnement, Langues étrangères",terrain,D,tourisme_environnement,True,droit
"Biologie / Santé, Agriculture / Elevage","Biologie / Santé, Agriculture / Elevage","Biologie / Santé, Agriculture / Elevage",terrain,S,agriculture_elevage,False,agriculture_elevage
"Droit / Juridique, Langues étrangères","Droit / Juridique, Langues étrangères",Langues étrangères,bureau,A,droit,False,droit
"Communication, Tourisme / Environnement, Hôtellerie / Accueil, Langues étrangères",Langues étrangères,,terrain,D,hotellerie_restauration,False,hotellerie_restauration
"Economie, Communication, Communication","Commerce / Marketing, Langues étrangères, Commerce / Marketing",Economie,bureau,Technique,commerce_gestion,False,commerce_gestion
"Statistiques / Données, Mathématiques, Gestion / Entreprise, Statistiques / Données","Finance / Comptabilité, Mathématiques",,bureau,D,finance_comptabilite,False,finance_comptabilite
"Finance / Comptabilité, Finance / Comptabilité, Finance / Comptabilité, Finance / Comptabilité",Finance / Comptabilité,Finance / Comptabilité,bureau,L,finance_comptabilite,False,finance_comptabilite
"Mathématiques, Mathématiques, Mathématiques","Informatique / Programmation, Economie, Mathématiques","Intelligence artificielle, Informatique / Programmation",bureau,S,data_ia,False,data_ia
"Droit / Juridique, Langues étrangères","Droit / Juridique, Langues étrangères","Droit / Juridique, Langues étrangères",bureau,L,droit,False,droit
"Intelligence artificielle, Statistiques / Données, Mathématiques","Mathématiques, Statistiques / Données, Economie",Intelligence artificielle,atelier,D,data_ia,True,finance_comptabilite
"Informatique / Programmation, Intelligence artificielle, Réseaux / Systèmes, Physique / Electronique","Physique / Electronique, Physique / Electronique, Réseaux / Systèmes",,atelier,S,reseaux_electronique,False,reseaux_electronique
"Droit / Juridique, Langues étrangères","Droit / Juridique, Langues étrangères",Langues étrangères,bureau,L,droit,False,droit
"Tourisme / Environnement, Langues étrangères","Tourisme / Environnement, Langues étrangères","Tourisme / Environnement, Langues étrangères",terrain,L,tourisme_environnement,False,tourisme_environnement
"Finance / Comptabilité, Mathématiques, Finance / Comptabilité","Mathématiques, Statistiques / Données, Finance / Comptabilité","Gestion / Entreprise, Gestion / Entreprise",atelier,D,finance_comptabilite,False,finance_comptabilite
"Mathématiques, Mécanique / Industrie, Génie civil / Architecture","Mathématiques, Mécanique / Industrie, Génie civil / Architecture",Mathématiques,terrain,Autre,genie_civil,False,genie_civil
"Commerce / Marketing, Gestion / Entreprise, Gestion / Entreprise, Communication","Gestion / Entreprise, Finance / Comptabilité, Communication","Commerce / Marketing, Commerce / Marketing",contact_client,D,commerce_gestion,False,commerce_gestion
"Communication, Tourisme / Environnement, Hôtellerie / Accueil, Langues étrangères","Communication, Langues étrangères, Tourisme / Environnement","Hôtellerie / Accueil, Tourisme / Environnement",contact_client,Technique,hotellerie_restauration,False,hotellerie_restauration
"Génie civil / Architecture, Génie civil / Architecture","Mathématiques, Mécanique / Industrie","Mécanique / Industrie, Mathématiques",terrain,Autre,genie_civil,False,genie_civil
"Finance / Comptabilité, Communication, Commerce / Marketing, Commerce / Marketing","Communication, Langues étrangères",,bureau,L,commerce_gestion,False,commerce_gestion
"Tourisme / Environnement, Langues étrangères",Tourisme / Environnement,,terrain,Technique,tourisme_environnement,False,tourisme_environnement
"Mines / Géologie, Mines / Géologie","Mécanique / Industrie, Chimie","Chimie, Mécanique / Industrie",terrain,S,chimie_mines,False,chimie_mines
"Chimie, Agroalimentaire, Biologie / Santé",Agriculture / Elevage,"Chimie, Agroalimentaire",laboratoire,C,agroalimentaire,False,agroalimentaire
"Tourisme / Environnement, Langues étrangères","Tourisme / Environnement, Langues étrangères",Langues étrangères,terrain,Autre,tourisme_environnement,False,tourisme_environnement
"Tourisme / Environnement, Langues étrangères",Tourisme / Environnement,"Tourisme / Environnement, Langues étrangères",terrain,A,tourisme_environnement,True,finance_comptabilite
"Informatique / Programmation, Economie, Informatique / Programmation, Statistiques / Données",Informatique / Programmation,Intelligence artificielle,contact_client,D,data_ia,False,data_ia
"Mathématiques, Mécanique / Industrie, Mines / Géologie, Mines / Géologie","Mécanique / Industrie, Chimie, Chimie",Mines / Géologie,bureau,S,chimie_mines,False,chimie_mines
"Intelligence artificielle, Réseaux / Systèmes",Informatique / Programmation,Réseaux / Systèmes,atelier,S,reseaux_electronique,False,reseaux_electronique
"Economie, Intelligence artificielle, Intelligence artificielle","Statistiques / Données, Informatique / Programmation","Intelligence artificielle, Statistiques / Données",bureau,S,data_ia,False,data_ia
"Finance / Comptabilité, Langues étrangères, Statistiques / Données",Gestion / Entreprise,,atelier,D,finance_comptabilite,False,finance_comptabilite
"Tourisme / Environnement, Langues étrangères",Langues étrangères,"Tourisme / Environnement, Langues étrangères",contact_client,Autre,tourisme_environnement,False,tourisme_environnement
"Biologie / Santé, Agriculture / Elevage",Biologie / Santé,,bureau,S,agriculture_elevage,False,agriculture_elevage
"Biologie / Santé, Agriculture / Elevage","Biologie / Santé, Agriculture / Elevage",,terrain,S,agriculture_elevage,False,agriculture_elevage
"Mécanique / Industrie, Physique / Electronique, Informatique / Programmation",Mécanique / Industrie,,atelier,S,genie_industriel,False,genie_industriel
"Droit / Juridique, Langues étrangères","Droit / Juridique, Langues étrangères",,bureau,D,droit,True,commerce_gestion
"Statistiques / Données, Statistiques / Données",Mathématiques,Intelligence artificielle,bureau,D,data_ia,False,data_ia
"Economie, Gestion / Entreprise",Statistiques / Données,Economie,bureau,Technique,economie_management,False,economie_management
"Tourisme / Environnement, Langues étrangères",Langues étrangères,"Tourisme / Environnement, Langues étrangères",laboratoire,Technique,tourisme_environnement,False,tourisme_environnement
"Mathématiques, Mécanique / Industrie, Génie civil / Architecture","Mathématiques, Mécanique / Industrie, Génie civil / Architecture",,terrain,S,genie_civil,False,genie_civil
"Mécanique / Industrie, Génie civil / Architecture","Mathématiques, Mécanique / Industrie, Génie civil / Architecture",,terrain,S,genie_civil,False,genie_civil
"Informatique / Programmation, Intelligence artificielle, Réseaux / Systèmes, Physique / Electronique",Informatique / Programmation,"Informatique / Programmation, Réseaux / Systèmes",atelier,S,reseaux_electronique,False,reseaux_electronique
"Agroalimentaire, Agriculture / Elevage, Chimie",Biologie / Santé,,laboratoire,S,agroalimentaire,False,agroalimentaire
"Droit / Juridique, Langues étrangères","Droit / Juridique, Langues étrangères","Droit / Juridique, Langues étrangères",bureau,D,droit,False,droit
"Droit / Juridique, Langues étrangères","Droit / Juridique, Langues étrangères",,bureau,A,droit,False,droit
"Droit / Juridique, Langues étrangères","Droit / Juridique, Langues étrangères","Droit / Juridique, Langues étrangères",bureau,Autre,droit,False,droit
"Mines / Géologie, Mécanique / Industrie, Chimie","Chimie, Mines / Géologie, Mines / Géologie",,laboratoire,S,chimie_mines,False,chimie_mines
"Langues étrangères, Commerce / Marketing, Finance / Comptabilité, Commerce / Marketing",Langues étrangères,"Economie, Communication",contact_client,L,commerce_gestion,False,commerce_gestion
"Physique / Electronique, Informatique / Programmation",Informatique / Programmation,Informatique / Programmation,terrain,D,reseaux_electronique,False,reseaux_electronique
"Mécanique / Industrie, Mathématiques","Mécanique / Industrie, Mécanique / Industrie",Mathématiques,atelier,S,genie_industriel,False,genie_industriel
"Hôtellerie / Accueil, Communication","Hôtellerie / Accueil, Communication, Hôtellerie / Accueil","Tourisme / Environnement, Hôtellerie / Accueil",contact_client,D,hotellerie_restauration,False,hotellerie_restauration
"Communication, Commerce / Marketing, Gestion / Entreprise, Commerce / Marketing","Commerce / Marketing, Finance / Comptabilité, Commerce / Marketing",,atelier,A,commerce_gestion,False,commerce_gestion
"Informatique / Programmation, Mathématiques, Physique / Electronique, Mécanique / Industrie","Physique / Electronique, Mathématiques, Mécanique / Industrie","Mathématiques, Mécanique / Industrie",atelier,D,genie_industriel,False,genie_industriel
"Mécanique / Industrie, Mines / Géologie, Mines / Géologie, Mécanique / Industrie","Chimie, Mines / Géologie, Chimie","Physique / Electronique, Mines / Géologie",terrain,C,chimie_mines,True,agroalimentaire
"Physique / Electronique, Réseaux / Systèmes","Intelligence artificielle, Réseaux / Systèmes, Physique / Electronique",,atelier,Autre,reseaux_electronique,False,reseaux_electronique
"Economie, Mathématiques",Informatique / Programmation,Intelligence artificielle,bureau,Autre,data_ia,False,data_ia
"Droit / Juridique, Langues étrangères","Droit / Juridique, Langues étrangères",,contact_client,A,droit,False,droit
"Chimie, Biologie / Santé, Agriculture / Elevage, Agroalimentaire",Biologie / Santé,"Agroalimentaire, Agriculture / Elevage",laboratoire,D,agroalimentaire,False,agroalimentaire
"Gestion / Entreprise, Mathématiques",Intelligence artificielle,,bureau,Autre,informatique_numerique,False,informatique_numerique
"Informatique / Programmation, Mathématiques, Physique / Electronique, Mécanique / Industrie","Mathématiques, Mécanique / Industrie, Physique / Electronique","Physique / Electronique, Mécanique / Industrie",atelier,C,genie_industriel,False,genie_industriel
"Génie civil / Architecture, Mathématiques","Mathématiques, Mécanique / Industrie, Génie civil / Architecture",,contact_client,S,genie_civil,False,genie_civil
"Chimie, Biologie / Santé, Agriculture / Elevage, Agroalimentaire",Agroalimentaire,Agroalimentaire,terrain,D,agroalimentaire,False,agroalimentaire
"Communication, Tourisme / Environnement, Hôtellerie / Accueil, Langues étrangères","Langues étrangères, Hôtellerie / Accueil, Langues étrangères",,contact_client,A,hotellerie_restauration,False,hotellerie_restauration
"Economie, Gestion / Entreprise","Economie, Mathématiques, Economie",,bureau,D,economie_management,False,economie_management
"Pharmacie / Médicament, Biologie / Santé","Pharmacie / Médicament, Pharmacie / Médicament",Biologie / Santé,laboratoire,D,pharmacie_sante,False,pharmacie_sante
"Informatique / Programmation, Physique / Electronique, Mécanique / Industrie",Mécanique / Industrie,"Physique / Electronique, Mathématiques",atelier,S,genie_industriel,True,genie_civil
"Génie civil / Architecture, Mécanique / Industrie","Mathématiques, Mécanique / Industrie, Génie civil / Architecture","Génie civil / Architecture, Mécanique / Industrie",terrain,S,genie_civil,False,genie_civil
"Physique / Electronique, Mathématiques","Mines / Géologie, Physique / Electronique, Chimie","Mathématiques, Physique / Electronique",terrain,S,chimie_mines,False,chimie_mines
"Hôtellerie / Accueil, Communication",Hôtellerie / Accueil,,contact_client,A,hotellerie_restauration,False,hotellerie_restauration
"Gestion / Entreprise, Commerce / Marketing, Finance / Comptabilité","Commerce / Marketing, Finance / Comptabilité, Commerce / Marketing","Communication, Finance / Comptabilité",terrain,A,commerce_gestion,False,commerce_gestion
"Mines / Géologie, Mines / Géologie, Mines / Géologie, Mécanique / Industrie",Mines / Géologie,"Mines / Géologie, Mines / Géologie",terrain,S,chimie_mines,False,chimie_mines
"Intelligence artificielle, Intelligence artificielle, Economie","Informatique / Programmation, Statistiques / Données","Intelligence artificielle, Statistiques / Données",bureau,D,data_ia,False,data_ia
"Mécanique / Industrie, Mécanique / Industrie, Mines / Géologie",Mécanique / Industrie,,terrain,S,chimie_mines,False,chimie_mines
"Informatique / Programmation, Intelligence artificielle","Intelligence artificielle, Intelligence artificielle","Informatique / Programmation, Informatique / Programmation",atelier,Autre,reseaux_electronique,False,reseaux_electronique
"Informatique / Programmation, Informatique / Programmation","Intelligence artificielle, Economie, Intelligence artificielle",,bureau,S,data_ia,False,data_ia
"Langues étrangères, Economie, Economie, Mathématiques",Economie,Mathématiques,bureau,A,economie_management,True,informatique_numerique
"Mécanique / Industrie, Informatique / Programmation, Physique / Electronique",Physique / Electronique,,atelier,C,genie_industriel,False,genie_industriel
"Communication, Commerce / Marketing",Commerce / Marketing,Gestion / Entreprise,bureau,A,commerce_gestion,False,commerce_gestion
"Génie civil / Architecture, Mécanique / Industrie",Génie civil / Architecture,,terrain,D,genie_civil,False,genie_civil
"Biologie / Santé, Agriculture / Elevage",Agriculture / Elevage,Biologie / Santé,atelier,S,agriculture_elevage,False,agriculture_elevage
"Chimie, Biologie / Santé","Chimie, Biologie / Santé, Pharmacie / Médicament","Chimie, Biologie / Santé",laboratoire,S,pharmacie_sante,False,pharmacie_sante
"Langues étrangères, Gestion / Entreprise","Commerce / Marketing, Commerce / Marketing, Finance / Comptabilité",Commerce / Marketing,bureau,D,commerce_gestion,False,commerce_gestion
"Finance / Comptabilité, Finance / Comptabilité","Mathématiques, Statistiques / Données",,bureau,A,finance_comptabilite,False,finance_comptabilite
"Chimie, Biologie / Santé, Pharmacie / Médicament",Biologie / Santé,,laboratoire,Autre,pharmacie_sante,False,pharmacie_sante
"Biologie / Santé, Agriculture / Elevage","Biologie / Santé, Agriculture / Elevage",Agriculture / Elevage,terrain,D,agriculture_elevage,True,pharmacie_sante
"Gestion / Entreprise, Commerce / Marketing, Finance / Comptabilité, Economie","Commerce / Marketing, Commerce / Marketing","Commerce / Marketing, Gestion / Entreprise",bureau,A,commerce_gestion,False,commerce_gestion
"Chimie, Biologie / Santé, Pharmacie / Médicament","Pharmacie / Médicament, Biologie / Santé",Pharmacie / Médicament,laboratoire,S,pharmacie_sante,False,pharmacie_sante
"Chimie, Mines / Géologie, Mécanique / Industrie","Chimie, Chimie, Chimie",,atelier,S,chimie_mines,False,chimie_mines
"Mathématiques, Informatique / Programmation, Statistiques / Données, Intelligence artificielle","Informatique / Programmation, Mathématiques",Intelligence artificielle,bureau,S,data_ia,False,data_ia
"Mathématiques, Informatique / Programmation, Mathématiques, Informatique / Programmation","Statistiques / Données, Mathématiques, Intelligence artificielle","Statistiques / Données, Statistiques / Données",bureau,Autre,data_ia,False,data_ia
"Economie, Mathématiques",Commerce / Marketing,"Mathématiques, Statistiques / Données",bureau,A,economie_management,False,economie_management
"Mathématiques, Mines / Géologie","Chimie, Mathématiques, Mines / Géologie",Mécanique / Industrie,terrain,Autre,chimie_mines,False,chimie_mines
"Gestion / Entreprise, Mathématiques, Commerce / Marketing, Gestion / Entreprise","Commerce / Marketing, Gestion / Entreprise","Mathématiques, Economie",bureau,A,economie_management,False,economie_management
"Réseaux / Systèmes, Réseaux / Systèmes, Intelligence artificielle",Réseaux / Systèmes,,atelier,S,reseaux_electronique,True,informatique_numerique
"Biologie / Santé, Agriculture / Elevage",Biologie / Santé,,bureau,S,agriculture_elevage,False,agriculture_elevage
"Biologie / Santé, Agriculture / Elevage","Biologie / Santé, Agriculture / Elevage",Agriculture / Elevage,terrain,S,agriculture_elevage,False,agriculture_elevage
"Gestion / Entreprise, Mathématiques",Economie,"Gestion / Entreprise, Economie",bureau,A,economie_management,False,economie_management
"Mécanique / Industrie, Chimie","Chimie, Chimie, Mines / Géologie",Mathématiques,terrain,D,chimie_mines,False,chimie_mines
"Mathématiques, Mathématiques, Intelligence artificielle",Informatique / Programmation,"Informatique / Programmation, Mathématiques",bureau,S,data_ia,False,data_ia
"Chimie, Mines / Géologie","Mines / Géologie, Mines / Géologie, Physique / Electronique","Mécanique / Industrie, Physique / Electronique",terrain,Autre,chimie_mines,False,chimie_mines
"Intelligence artificielle, Statistiques / Données, Mathématiques, Mathématiques",Informatique / Programmation,,bureau,S,data_ia,False,data_ia
"Langues étrangères, Commerce / Marketing, Economie",Gestion / Entreprise,Economie,bureau,Technique,commerce_gestion,False,commerce_gestion
"Biologie / Santé, Agriculture / Elevage",Agriculture / Elevage,"Biologie / Santé, Agriculture / Elevage",terrain,C,agriculture_elevage,False,agriculture_elevage
"Multimédia / Design, Informatique / Programmation, Multimédia / Design, Informatique / Programmation",Mathématiques,,bureau,D,informatique_numerique,False,informatique_numerique
"Hôtellerie / Accueil, Hôtellerie / Accueil","Hôtellerie / Accueil, Hôtellerie / Accueil",Langues étrangères,contact_client,Technique,hotellerie_restauration,True,hotellerie_restauration
"Chimie, Biologie / Santé, Pharmacie / Médicament","Chimie, Chimie",Pharmacie / Médicament,contact_client,Autre,pharmacie_sante,False,pharmacie_sante
"Commerce / Marketing, Statistiques / Données, Commerce / Marketing, Statistiques / Données",Langues étrangères,"Langues étrangères, Commerce / Marketing",bureau,D,economie_management,False,economie_management
"Chimie, Biologie / Santé, Pharmacie / Médicament","Biologie / Santé, Pharmacie / Médicament",Biologie / Santé,laboratoire,D,pharmacie_sante,False,pharmacie_sante
"Biologie / Santé, Agriculture / Elevage",Biologie / Santé,Agriculture / Elevage,terrain,S,agriculture_elevage,False,agriculture_elevage
"Chimie, Mathématiques, Chimie","Chimie, Mines / Géologie",,terrain,S,chimie_mines,False,chimie_mines
"Physique / Electronique, Mathématiques","Informatique / Programmation, Mécanique / Industrie, Informatique / Programmation","Mécanique / Industrie, Mathématiques",atelier,S,genie_industriel,False,genie_industriel
"Intelligence artificielle, Informatique / Programmation, Informatique / Programmation, Mathématiques","Intelligence artificielle, Intelligence artificielle",Statistiques / Données,bureau,Autre,data_ia,False,data_ia
"Biologie / Santé, Pharmacie / Médicament",Pharmacie / Médicament,"Biologie / Santé, Pharmacie / Médicament",laboratoire,Autre,pharmacie_sante,False,pharmacie_sante
"Intelligence artificielle, Mathématiques, Informatique / Programmation, Mathématiques",Informatique / Programmation,,atelier,S,data_ia,False,data_ia
"Chimie, Biologie / Santé, Pharmacie / Médicament",Chimie,Biologie / Santé,laboratoire,C,pharmacie_sante,False,pharmacie_sante
"Mathématiques, Mécanique / Industrie, Génie civil / Architecture",Mathématiques,,terrain,S,genie_civil,False,genie_civil
"Réseaux / Systèmes, Gestion / Entreprise, Intelligence artificielle","Communication, Communication",,bureau,Autre,informatique_numerique,False,informatique_numerique
"Tourisme / Environnement, Langues étrangères","Tourisme / Environnement, Langues étrangères",Tourisme / Environnement,terrain,D,tourisme_environnement,True,economie_management
"Chimie, Biologie / Santé, Pharmacie / Médicament","Pharmacie / Médicament, Biologie / Santé",Biologie / Santé,laboratoire,D,pharmacie_sante,False,pharmacie_sante
"Mathématiques, Gestion / Entreprise, Statistiques / Données, Commerce / Marketing","Mathématiques, Economie, Economie",,bureau,A,economie_management,False,economie_management
"Gestion / Entreprise, Multimédia / Design, Réseaux / Systèmes","Multimédia / Design, Gestion / Entreprise, Informatique / Programmation",,contact_client,S,informatique_numerique,False,informatique_numerique
"Gestion / Entreprise, Statistiques / Données",Informatique / Programmation,Intelligence artificielle,contact_client,S,informatique_numerique,False,informatique_numerique
"Langues étrangères, Commerce / Marketing",Commerce / Marketing,,bureau,A,commerce_gestion,False,commerce_gestion
"Gestion / Entreprise, Gestion / Entreprise, Statistiques / Données, Statistiques / Données","Economie, Langues étrangères",Mathématiques,atelier,A,economie_management,False,economie_management
"Mines / Géologie, Physique / Electronique, Mécanique / Industrie, Chimie","Chimie, Mécanique / Industrie, Mathématiques",Mécanique / Industrie,terrain,S,chimie_mines,False,chimie_mines
"Multimédia / Design, Multimédia / Design, Mathématiques, Intelligence artificielle","Informatique / Programmation, Réseaux / Systèmes","Multimédia / Design, Multimédia / Design",bureau,Autre,informatique_numerique,False,informatique_numerique
"Réseaux / Systèmes, Réseaux / Systèmes, Informatique / Programmation","Physique / Electronique, Physique / Electronique, Physique / Electronique",,atelier,Autre,reseaux_electronique,False,reseaux_electronique
"Statistiques / Données, Mathématiques, Informatique / Programmation","Economie, Informatique / Programmation, Statistiques / Données",,bureau,S,data_ia,False,data_ia
"Mathématiques, Intelligence artificielle","Statistiques / Données, Economie, Economie",,bureau,C,data_ia,False,data_ia
"Tourisme / Environnement, Langues étrangères",Tourisme / Environnement,"Tourisme / Environnement, Langues étrangères",terrain,D,tourisme_environnement,False,tourisme_environnement
"Chimie, Biologie / Santé, Agriculture / Elevage, Agroalimentaire","Agroalimentaire, Agroalimentaire, Agriculture / Elevage","Agriculture / Elevage, Agroalimentaire",laboratoire,S,agroalimentaire,False,agroalimentaire
"Hôtellerie / Accueil, Communication, Hôtellerie / Accueil",Hôtellerie / Accueil,"Communication, Langues étrangères",contact_client,L,hotellerie_restauration,False,hotellerie_restauration
"Informatique / Programmation, Intelligence artificielle, Réseaux / Systèmes, Physique / Electronique",Physique / Electronique,Réseaux / Systèmes,atelier,Autre,reseaux_electronique,False,reseaux_electronique
"Biologie / Santé, Chimie, Biologie / Santé","Agroalimentaire, Biologie / Santé, Biologie / Santé","Biologie / Santé, Agriculture / Elevage",laboratoire,S,agroalimentaire,False,agroalimentaire
"Biologie / Santé, Biologie / Santé",Biologie / Santé,"Pharmacie / Médicament, Biologie / Santé",laboratoire,S,pharmacie_sante,False,pharmacie_sante
"Mathématiques, Mécanique / Industrie, Génie civil / Architecture","Mathématiques, Génie civil / Architecture","Génie civil / Architecture, Mathématiques",terrain,S,genie_civil,True,economie_management
"Langues étrangères, Gestion / Entreprise","Economie, Economie, Economie",,atelier,A,economie_management,False,economie_management
"Agroalimentaire, Biologie / Santé","Agroalimentaire, Agriculture / Elevage, Chimie",Chimie,laboratoire,S,agroalimentaire,False,agroalimentaire
"Mathématiques, Mécanique / Industrie, Mécanique / Industrie","Mécanique / Industrie, Mathématiques, Physique / Electronique",,laboratoire,S,genie_industriel,False,genie_industriel
"Langues étrangères, Tourisme / Environnement, Langues étrangères",Hôtellerie / Accueil,Hôtellerie / Accueil,contact_client,D,hotellerie_restauration,False,hotellerie_restauration
"Chimie, Chimie",Pharmacie / Médicament,"Chimie, Biologie / Santé",laboratoire,C,pharmacie_sante,False,pharmacie_sante
"Biologie / Santé, Agriculture / Elevage",Biologie / Santé,,terrain,D,agriculture_elevage,False,agriculture_elevage
"Chimie, Biologie / Santé, Pharmacie / Médicament","Chimie, Biologie / Santé, Pharmacie / Médicament","Chimie, Chimie",laboratoire,D,pharmacie_sante,False,pharmacie_sante
"Informatique / Programmation, Mathématiques, Physique / Electronique, Mécanique / Industrie","Mécanique / Industrie, Mathématiques",,atelier,S,genie_industriel,False,genie_industriel
"Statistiques / Données, Langues étrangères, Finance / Comptabilité",Mathématiques,Mathématiques,bureau,A,finance_comptabilite,False,finance_comptabilite
"Droit / Juridique, Langues étrangères","Droit / Juridique, Langues étrangères",,bureau,Autre,droit,False,droit
"Tourisme / Environnement, Langues étrangères",Tourisme / Environnement,Tourisme / Environnement,terrain,D,tourisme_environnement,False,tourisme_environnement
"Biologie / Santé, Pharmacie / Médicament","Pharmacie / Médicament, Chimie",,laboratoire,C,pharmacie_sante,False,pharmacie_sante
"Gestion / Entreprise, Communication","Commerce / Marketing, Economie","Commerce / Marketing, Commerce / Marketing",bureau,A,commerce_gestion,False,commerce_gestion
"Informatique / Programmation, Mathématiques, Physique / Electronique, Mécanique / Industrie",Physique / Electronique,Informatique / Programmation,atelier,S,genie_industriel,False,genie_industriel
"Mathématiques, Mathématiques, Langues étrangères, Finance / Comptabilité","Gestion / Entreprise, Gestion / Entreprise, Finance / Comptabilité",,bureau,A,finance_comptabilite,False,finance_comptabilite
"Mathématiques, Langues étrangères, Statistiques / Données","Mathématiques, Finance / Comptabilité","Mathématiques, Gestion / Entreprise",bureau,L,finance_comptabilite,True,data_ia
"Biologie / Santé, Agriculture / Elevage",Agriculture / Elevage,"Biologie / Santé, Agriculture / Elevage",terrain,S,agriculture_elevage,False,agriculture_elevage
"Biologie / Santé, Chimie, Chimie","Biologie / Santé, Agroalimentaire",Biologie / Santé,terrain,C,agroalimentaire,False,agroalimentaire
"Chimie, Pharmacie / Médicament","Chimie, Biologie / Santé",,laboratoire,D,pharmacie_sante,False,pharmacie_sante
"Statistiques / Données, Finance / Comptabilité, Mathématiques, Langues étrangères","Finance / Comptabilité, Finance / Comptabilité, Mathématiques","Statistiques / Données, Statistiques / Données",bureau,Autre,finance_comptabilite,False,finance_comptabilite
"Mécanique / Industrie, Physique / Electronique, Physique / Electronique, Mathématiques","Mécanique / Industrie, Mécanique / Industrie","Chimie, Mécanique / Industrie",laboratoire,S,chimie_mines,True,genie_industriel
"Pharmacie / Médicament, Chimie","Chimie, Pharmacie / Médicament","Biologie / Santé, Biologie / Santé",laboratoire,C,pharmacie_sante,False,pharmacie_sante
"Economie, Mathématiques, Commerce / Marketing, Commerce / Marketing",Economie,,bureau,D,economie_management,False,economie_management
"Economie, Commerce / Marketing, Mathématiques, Gestion / Entreprise",Gestion / Entreprise,Gestion / Entreprise,atelier,L,economie_management,False,economie_management
"Finance / Comptabilité, Commerce / Marketing, Finance / Comptabilité","Langues étrangères, Finance / Comptabilité","Economie, Gestion / Entreprise",atelier,A,commerce_gestion,False,commerce_gestion
"Economie, Economie",Langues étrangères,Langues étrangères,bureau,D,economie_management,False,economie_management
"Statistiques / Données, Statistiques / Données","Statistiques / Données, Informatique / Programmation, Mathématiques","Intelligence artificielle, Economie",contact_client,Autre,data_ia,False,data_ia
"Tourisme / Environnement, Langues étrangères","Tourisme / Environnement, Langues étrangères","Tourisme / Environnement, Langues étrangères",terrain,D,tourisme_environnement,False,tourisme_environnement
"Pharmacie / Médicament, Pharmacie / Médicament",Biologie / Santé,Biologie / Santé,terrain,Autre,pharmacie_sante,False,pharmacie_sante
"Gestion / Entreprise, Commerce / Marketing, Gestion / Entreprise","Communication, Langues étrangères, Commerce / Marketing",Economie,bureau,A,commerce_gestion,False,commerce_gestion
"Tourisme / Environnement, Langues étrangères","Tourisme / Environnement, Langues étrangères",Tourisme / Environnement,terrain,D,tourisme_environnement,False,tourisme_environnement
"Informatique / Programmation, Statistiques / Données, Statistiques / Données","Statistiques / Données, Informatique / Programmation",Intelligence artificielle,bureau,S,data_ia,False,data_ia
"Informatique / Programmation, Mathématiques, Physique / Electronique, Mécanique / Industrie","Mécanique / Industrie, Physique / Electronique, Mécanique / Industrie",,atelier,D,genie_industriel,False,genie_industriel
"Economie, Commerce / Marketing, Statistiques / Données, Statistiques / Données",Economie,"Statistiques / Données, Economie",bureau,A,economie_management,False,economie_management
"Tourisme / Environnement, Langues étrangères","Tourisme / Environnement, Langues étrangères","Tourisme / Environnement, Langues étrangères",terrain,A,tourisme_environnement,False,tourisme_environnement
"Chimie, Biologie / Santé, Pharmacie / Médicament","Chimie, Biologie / Santé, Pharmacie / Médicament","Biologie / Santé, Pharmacie / Médicament",laboratoire,D,pharmacie_sante,True,agroalimentaire
"Biologie / Santé, Agriculture / Elevage","Biologie / Santé, Agriculture / Elevage",Agriculture / Elevage,laboratoire,S,agriculture_elevage,False,agriculture_elevage
"Biologie / Santé, Agriculture / Elevage","Biologie / Santé, Agriculture / Elevage",Agriculture / Elevage,contact_client,S,agriculture_elevage,False,agriculture_elevage
"Droit / Juridique, Langues étrangères","Droit / Juridique, Langues étrangères",Droit / Juridique,contact_client,Technique,droit,False,droit
"Chimie, Biologie / Santé, Pharmacie / Médicament","Biologie / Santé, Chimie",,laboratoire,D,pharmacie_sante,False,pharmacie_sante
"Tourisme / Environnement, Langues étrangères","Tourisme / Environnement, Langues étrangères",Tourisme / Environnement,laboratoire,L,tourisme_environnement,False,tourisme_environnement
"Tourisme / Environnement, Langues étrangères","Tourisme / Environnement, Langues étrangères",,terrain,D,tourisme_environnement,False,tourisme_environnement
"Pharmacie / Médicament, Pharmacie / Médicament","Chimie, Biologie / Santé",,terrain,Autre,pharmacie_sante,False,pharmacie_sante
"Gestion / Entreprise, Finance / Comptabilité, Economie","Commerce / Marketing, Economie",,bureau,D,commerce_gestion,False,commerce_gestion
"Biologie / Santé, Agriculture / Elevage, Agroalimentaire","Chimie, Agroalimentaire, Chimie","Chimie, Agroalimentaire",laboratoire,S,agroalimentaire,False,agroalimentaire
"Mathématiques, Mathématiques",Communication,,bureau,S,informatique_numerique,False,informatique_numerique
"Informatique / Programmation, Intelligence artificielle, Informatique / Programmation","Réseaux / Systèmes, Informatique / Programmation","Réseaux / Systèmes, Physique / Electronique",atelier,S,reseaux_electronique,False,reseaux_electronique
"Chimie, Biologie / Santé, Pharmacie / Médicament","Pharmacie / Médicament, Chimie","Pharmacie / Médicament, Biologie / Santé",laboratoire,D,pharmacie_sante,False,pharmacie_sante
"Tourisme / Environnement, Langues étrangères","Tourisme / Environnement, Langues étrangères","Tourisme / Environnement, Langues étrangères",terrain,D,tourisme_environnement,False,tourisme_environnement
"Economie, Langues étrangères","Gestion / Entreprise, Langues étrangères",,contact_client,A,economie_management,False,economie_management
"Biologie / Santé, Agriculture / Elevage",Agriculture / Elevage,Agriculture / Elevage,terrain,D,agriculture_elevage,True,agroalimentaire
"Communication, Statistiques / Données","Statistiques / Données, Statistiques / Données, Réseaux / Systèmes","Statistiques / Données, Intelligence artificielle",bureau,D,informatique_numerique,False,informatique_numerique
"Commerce / Marketing, Economie, Commerce / Marketing, Commerce / Marketing","Finance / Comptabilité, Gestion / Entreprise, Commerce / Marketing",Economie,bureau,A,commerce_gestion,False,commerce_gestion
"Biologie / Santé, Agriculture / Elevage",Agriculture / Elevage,Agriculture / Elevage,terrain,S,agriculture_elevage,False,agriculture_elevage
"Gestion / Entreprise, Gestion / Entreprise, Gestion / Entreprise","Mathématiques, Langues étrangères",,bureau,D,finance_comptabilite,False,finance_comptabilite
"Droit / Juridique, Langues étrangères","Droit / Juridique, Langues étrangères","Droit / Juridique, Langues étrangères",bureau,Autre,droit,False,droit
"Communication, Multimédia / Design, Informatique / Programmation","Multimédia / Design, Informatique / Programmation",Multimédia / Design,bureau,S,informatique_numerique,False,informatique_numerique
"Tourisme / Environnement, Langues étrangères",Tourisme / Environnement,Tourisme / Environnement,terrain,Autre,tourisme_environnement,True,finance_comptabilite
"Langues étrangères, Langues étrangères, Commerce / Marketing, Statistiques / Données","Economie, Economie, Economie","Commerce / Marketing, Gestion / Entreprise",bureau,A,economie_management,False,economie_management
"Mines / Géologie, Mines / Géologie, Mines / Géologie",Mines / Géologie,Mines / Géologie,terrain,Autre,chimie_mines,False,chimie_mines
"Chimie, Biologie / Santé, Agriculture / Elevage, Agroalimentaire","Biologie / Santé, Chimie",,laboratoire,S,agroalimentaire,False,agroalimentaire
"Communication, Tourisme / Environnement, Hôtellerie / Accueil","Tourisme / Environnement, Hôtellerie / Accueil","Hôtellerie / Accueil, Hôtellerie / Accueil",contact_client,Autre,hotellerie_restauration,False,hotellerie_restauration
"Gestion / Entreprise, Multimédia / Design, Informatique / Programmation, Intelligence artificielle","Gestion / Entreprise, Informatique / Programmation","Mathématiques, Statistiques / Données",bureau,S,informatique_numerique,False,informatique_numerique
"Agroalimentaire, Agroalimentaire","Agriculture / Elevage, Agroalimentaire, Agroalimentaire","Agroalimentaire, Agroalimentaire",laboratoire,S,agroalimentaire,True,agriculture_elevage
"Economie, Commerce / Marketing, Statistiques / Données, Gestion / Entreprise","Mathématiques, Economie",Gestion / Entreprise,bureau,D,economie_management,False,economie_management
"Statistiques / Données, Statistiques / Données, Statistiques / Données, Finance / Comptabilité",Mathématiques,"Mathématiques, Statistiques / Données",bureau,Autre,finance_comptabilite,True,genie_industriel
"Droit / Juridique, Langues étrangères","Droit / Juridique, Langues étrangères","Droit / Juridique, Langues étrangères",bureau,L,droit,False,droit
"Gestion / Entreprise, Statistiques / Données, Mathématiques, Gestion / Entreprise","Mathématiques, Finance / Comptabilité, Statistiques / Données",,bureau,A,finance_comptabilite,True,commerce_gestion
"Langues étrangères, Tourisme / Environnement",Hôtellerie / Accueil,Hôtellerie / Accueil,terrain,A,hotellerie_restauration,False,hotellerie_restauration
"Biologie / Santé, Pharmacie / Médicament","Biologie / Santé, Pharmacie / Médicament",,laboratoire,D,pharmacie_sante,False,pharmacie_sante
"Droit / Juridique, Langues étrangères",Droit / Juridique,,bureau,A,droit,False,droit
"Informatique / Programmation, Mathématiques, Physique / Electronique, Mécanique / Industrie","Informatique / Programmation, Physique / Electronique, Physique / Electronique","Mécanique / Industrie, Physique / Electronique",contact_client,D,genie_industriel,False,genie_industriel
"Chimie, Biologie / Santé, Agriculture / Elevage, Agroalimentaire",Biologie / Santé,Biologie / Santé,laboratoire,S,agroalimentaire,False,agroalimentaire
"Mathématiques, Mécanique / Industrie, Génie civil / Architecture","Mathématiques, Mécanique / Industrie, Génie civil / Architecture","Génie civil / Architecture, Mathématiques",terrain,S,genie_civil,False,genie_civil
"Communication, Tourisme / Environnement, Hôtellerie / Accueil, Langues étrangères","Langues étrangères, Tourisme / Environnement, Hôtellerie / Accueil",,contact_client,D,hotellerie_restauration,False,hotellerie_restauration
"Mécanique / Industrie, Mécanique / Industrie, Mines / Géologie, Mines / Géologie",Mathématiques,"Mines / Géologie, Mécanique / Industrie",atelier,Autre,chimie_mines,False,chimie_mines
"Biologie / Santé, Agriculture / Elevage","Biologie / Santé, Agriculture / Elevage","Biologie / Santé, Agriculture / Elevage",terrain,D,agriculture_elevage,False,agriculture_elevage
"Mathématiques, Informatique / Programmation","Mathématiques, Informatique / Programmation",,bureau,Autre,data_ia,False,data_ia
"Mathématiques, Finance / Comptabilité, Langues étrangères, Gestion / Entreprise","Finance / Comptabilité, Finance / Comptabilité",Mathématiques,terrain,D,finance_comptabilite,False,finance_comptabilite
"Informatique / Programmation, Mathématiques, Physique / Electronique, Mécanique / Industrie","Mécanique / Industrie, Mécanique / Industrie","Mécanique / Industrie, Physique / Electronique",bureau,D,genie_industriel,False,genie_industriel
"Informatique / Programmation, Mathématiques, Physique / Electronique, Mécanique / Industrie","Physique / Electronique, Physique / Electronique","Mathématiques, Mathématiques",atelier,S,genie_industriel,False,genie_industriel
"Informatique / Programmation, Mathématiques, Mécanique / Industrie","Mécanique / Industrie, Mathématiques",Mathématiques,atelier,S,genie_industriel,False,genie_industriel
"Chimie, Biologie / Santé, Pharmacie / Médicament","Pharmacie / Médicament, Chimie",Chimie,laboratoire,S,pharmacie_sante,False,pharmacie_sante
"Economie, Economie","Mathématiques, Mathématiques, Gestion / Entreprise",Economie,bureau,D,economie_management,False,economie_management
"Droit / Juridique, Langues étrangères",Droit / Juridique,"Droit / Juridique, Langues étrangères",bureau,A,droit,False,droit
"Physique / Electronique, Physique / Electronique, Chimie, Mathématiques","Mathématiques, Mines / Géologie, Chimie","Chimie, Chimie",terrain,S,chimie_mines,False,chimie_mines
"Droit / Juridique, Langues étrangères","Droit / Juridique, Langues étrangères","Droit / Juridique, Langues étrangères",bureau,Autre,droit,False,droit
"Chimie, Biologie / Santé, Agriculture / Elevage, Agroalimentaire","Agriculture / Elevage, Agroalimentaire, Agroalimentaire",,bureau,C,agroalimentaire,False,agroalimentaire
"Biologie / Santé, Agriculture / Elevage","Biologie / Santé, Agriculture / Elevage",,terrain,S,agriculture_elevage,False,agriculture_elevage
"Langues étrangères, Communication","Tourisme / Environnement, Langues étrangères","Langues étrangères, Hôtellerie / Accueil",contact_client,A,hotellerie_restauration,False,hotellerie_restauration
"Biologie / Santé, Chimie","Pharmacie / Médicament, Biologie / Santé","Biologie / Santé, Chimie",laboratoire,Autre,pharmacie_sante,False,pharmacie_sante
"Biologie / Santé, Agriculture / Elevage",Agriculture / Elevage,,atelier,Autre,agriculture_elevage,True,pharmacie_sante
"Commerce / Marketing, Economie, Gestion / Entreprise",Langues étrangères,"Langues étrangères, Commerce / Marketing",bureau,Autre,economie_management,False,economie_management
"Finance / Comptabilité, Gestion / Entreprise","Statistiques / Données, Finance / Comptabilité, Finance / Comptabilité",Langues étrangères,bureau,D,finance_comptabilite,False,finance_comptabilite
"Mathématiques, Mécanique / Industrie, Génie civil / Architecture","Mathématiques, Mécanique / Industrie, Génie civil / Architecture",Génie civil / Architecture,terrain,S,genie_civil,False,genie_civil
"Economie, Intelligence artificielle, Intelligence artificielle, Informatique / Programmation","Mathématiques, Intelligence artificielle, Economie",Intelligence artificielle,bureau,Autre,data_ia,False,data_ia
"Statistiques / Données, Langues étrangères, Finance / Comptabilité","Finance / Comptabilité, Gestion / Entreprise, Mathématiques",,bureau,D,finance_comptabilite,False,finance_comptabilite
"Physique / Electronique, Mécanique / Industrie","Mécanique / Industrie, Mathématiques","Mathématiques, Informatique / Programmation",atelier,S,genie_industriel,False,genie_industriel
"Biologie / Santé, Agriculture / Elevage",Agriculture / Elevage,"Biologie / Santé, Agriculture / Elevage",terrain,S,agriculture_elevage,False,agriculture_elevage
"Mathématiques, Génie civil / Architecture",Génie civil / Architecture,"Génie civil / Architecture, Mathématiques",terrain,Autre,genie_civil,False,genie_civil
"Informatique / Programmation, Intelligence artificielle, Réseaux / Systèmes, Physique / Electronique",Informatique / Programmation,,atelier,C,reseaux_electronique,False,reseaux_electronique
"Droit / Juridique, Langues étrangères","Droit / Juridique, Langues étrangères","Droit / Juridique, Langues étrangères",terrain,A,droit,False,droit
"Tourisme / Environnement, Langues étrangères","Tourisme / Environnement, Langues étrangères",Tourisme / Environnement,terrain,A,tourisme_environnement,False,tourisme_environnement
"Agroalimentaire, Agroalimentaire, Biologie / Santé","Chimie, Agroalimentaire, Agroalimentaire",,laboratoire,S,agroalimentaire,False,agroalimentaire
"Multimédia / Design, Intelligence artificielle, Informatique / Programmation","Multimédia / Design, Réseaux / Systèmes, Mathématiques",Multimédia / Design,bureau,C,informatique_numerique,False,informatique_numerique
"Informatique / Programmation, Mathématiques",Intelligence artificielle,Mathématiques,laboratoire,S,data_ia,False,data_ia
"Mathématiques, Mathématiques, Gestion / Entreprise, Gestion / Entreprise","Economie, Commerce / Marketing","Commerce / Marketing, Langues étrangères",bureau,L,economie_management,False,economie_management
"Chimie, Chimie, Chimie, Mines / Géologie","Mathématiques, Mines / Géologie, Mines / Géologie",,contact_client,D,chimie_mines,True,pharmacie_sante
"Commerce / Marketing, Economie, Gestion / Entreprise, Statistiques / Données","Statistiques / Données, Economie",,bureau,A,economie_management,False,economie_management
"Gestion / Entreprise, Finance / Comptabilité, Finance / Comptabilité","Langues étrangères, Finance / Comptabilité",,bureau,A,finance_comptabilite,False,finance_comptabilite
"Communication, Tourisme / Environnement, Hôtellerie / Accueil, Langues étrangères","Langues étrangères, Langues étrangères",,contact_client,L,hotellerie_restauration,False,hotellerie_restauration
"Langues étrangères, Statistiques / Données, Economie, Gestion / Entreprise",Gestion / Entreprise,Gestion / Entreprise,terrain,L,economie_management,False,economie_management
"Agroalimentaire, Agroalimentaire, Agriculture / Elevage","Agroalimentaire, Agriculture / Elevage, Agroalimentaire","Agroalimentaire, Biologie / Santé",laboratoire,S,agroalimentaire,False,agroalimentaire
"Mathématiques, Mécanique / Industrie, Génie civil / Architecture","Mathématiques, Mécanique / Industrie, Génie civil / Architecture",Génie civil / Architecture,terrain,S,genie_civil,False,genie_civil
"Droit / Juridique, Langues étrangères",Droit / Juridique,,bureau,A,droit,True,economie_management
"Mathématiques, Mécanique / Industrie, Génie civil / Architecture","Mathématiques, Mécanique / Industrie, Génie civil / Architecture",Mécanique / Industrie,terrain,D,genie_civil,True,informatique_numerique
"Commerce / Marketing, Gestion / Entreprise, Economie",Commerce / Marketing,Commerce / Marketing,atelier,Autre,commerce_gestion,False,commerce_gestion
"Finance / Comptabilité, Finance / Comptabilité, Finance / Comptabilité","Gestion / Entreprise, Finance / Comptabilité, Mathématiques",,terrain,Autre,finance_comptabilite,False,finance_comptabilite
"Génie civil / Architecture, Génie civil / Architecture","Mathématiques, Mécanique / Industrie, Génie civil / Architecture","Mécanique / Industrie, Génie civil / Architecture",laboratoire,D,genie_civil,False,genie_civil
"Chimie, Mécanique / Industrie, Mécanique / Industrie, Chimie",Mines / Géologie,,bureau,D,chimie_mines,False,chimie_mines
"Informatique / Programmation, Informatique / Programmation, Mathématiques, Gestion / Entreprise","Informatique / Programmation, Communication",,bureau,S,informatique_numerique,False,informatique_numerique
"Communication, Intelligence artificielle","Mathématiques, Gestion / Entreprise, Multimédia / Design",Communication,laboratoire,S,informatique_numerique,False,informatique_numerique
"Chimie, Biologie / Santé, Agriculture / Elevage, Agroalimentaire","Agroalimentaire, Biologie / Santé, Agroalimentaire",,contact_client,D,agroalimentaire,False,agroalimentaire
"Droit / Juridique, Langues étrangères","Droit / Juridique, Langues étrangères",,bureau,A,droit,False,droit
"Mathématiques, Mécanique / Industrie, Génie civil / Architecture","Mathématiques, Mécanique / Industrie, Génie civil / Architecture",Génie civil / Architecture,terrain,S,genie_civil,False,genie_civil
"Gestion / Entreprise, Statistiques / Données, Communication, Gestion / Entreprise",Gestion / Entreprise,"Intelligence artificielle, Gestion / Entreprise",bureau,S,informatique_numerique,False,informatique_numerique
"Génie civil / Architecture, Mathématiques","Mathématiques, Mécanique / Industrie, Génie civil / Architecture",,contact_client,S,genie_civil,False,genie_civil
"Informatique / Programmation, Intelligence artificielle, Réseaux / Systèmes, Physique / Electronique","Physique / Electronique, Réseaux / Systèmes",,terrain,S,reseaux_electronique,False,reseaux_electronique
"Tourisme / Environnement, Langues étrangères","Tourisme / Environnement, Langues étrangères",,terrain,D,tourisme_environnement,True,finance_comptabilite
"Informatique / Programmation, Intelligence artificielle, Réseaux / Systèmes, Physique / Electronique",Réseaux / Systèmes,Informatique / Programmation,atelier,Autre,reseaux_electronique,False,reseaux_electronique
"Réseaux / Systèmes, Réseaux / Systèmes","Intelligence artificielle, Informatique / Programmation",,atelier,C,reseaux_electronique,False,reseaux_electronique
"Physique / Electronique, Mathématiques","Mécanique / Industrie, Physique / Electronique, Mécanique / Industrie","Mathématiques, Physique / Electronique",atelier,S,genie_industriel,False,genie_industriel
"Tourisme / Environnement, Langues étrangères","Tourisme / Environnement, Langues étrangères",,terrain,D,tourisme_environnement,False,tourisme_environnement
"Mécanique / Industrie, Mathématiques","Mécanique / Industrie, Physique / Electronique, Physique / Electronique","Mécanique / Industrie, Mathématiques",atelier,D,genie_industriel,False,genie_industriel
"Informatique / Programmation, Réseaux / Systèmes, Intelligence artificielle","Réseaux / Systèmes, Informatique / Programmation",Réseaux / Systèmes,atelier,Autre,reseaux_electronique,False,reseaux_electronique
"Mathématiques, Statistiques / Données","Mathématiques, Gestion / Entreprise, Mathématiques",Finance / Comptabilité,atelier,Technique,finance_comptabilite,False,finance_comptabilite
"Mathématiques, Mathématiques, Chimie, Mines / Géologie","Mines / Géologie, Mines / Géologie",Mécanique / Industrie,terrain,C,chimie_mines,False,chimie_mines
"Tourisme / Environnement, Langues étrangères",Tourisme / Environnement,"Tourisme / Environnement, Langues étrangères",terrain,D,tourisme_environnement,False,tourisme_environnement
"Biologie / Santé, Agriculture / Elevage","Biologie / Santé, Agriculture / Elevage",Agriculture / Elevage,terrain,S,agriculture_elevage,False,agriculture_elevage
"Biologie / Santé, Agriculture / Elevage",Biologie / Santé,Agriculture / Elevage,terrain,D,agriculture_elevage,False,agriculture_elevage
"Finance / Comptabilité, Statistiques / Données, Finance / Comptabilité, Gestion / Entreprise","Langues étrangères, Langues étrangères",Finance / Comptabilité,atelier,A,finance_comptabilite,False,finance_comptabilite
"Tourisme / Environnement, Langues étrangères","Tourisme / Environnement, Langues étrangères",,laboratoire,A,tourisme_environnement,True,droit
"Economie, Economie, Finance / Comptabilité","Commerce / Marketing, Gestion / Entreprise",Commerce / Marketing,bureau,D,commerce_gestion,False,commerce_gestion
"Mathématiques, Mécanique / Industrie, Génie civil / Architecture","Mathématiques, Mécanique / Industrie, Génie civil / Architecture",Mécanique / Industrie,terrain,D,genie_civil,False,genie_civil
"Chimie, Biologie / Santé, Agriculture / Elevage, Agroalimentaire","Biologie / Santé, Chimie, Agroalimentaire",Agroalimentaire,laboratoire,Autre,agroalimentaire,False,agroalimentaire
"Tourisme / Environnement, Langues étrangères","Tourisme / Environnement, Langues étrangères","Tourisme / Environnement, Langues étrangères",terrain,Technique,tourisme_environnement,False,tourisme_environnement
"Informatique / Programmation, Multimédia / Design","Informatique / Programmation, Intelligence artificielle","Multimédia / Design, Statistiques / Données",bureau,S,informatique_numerique,False,informatique_numerique
"Informatique / Programmation, Intelligence artificielle, Réseaux / Systèmes, Physique / Electronique","Réseaux / Systèmes, Intelligence artificielle","Réseaux / Systèmes, Intelligence artificielle",contact_client,S,reseaux_electronique,False,reseaux_electronique
"Chimie, Biologie / Santé, Pharmacie / Médicament","Biologie / Santé, Pharmacie / Médicament",,laboratoire,S,pharmacie_sante,False,pharmacie_sante
"Tourisme / Environnement, Tourisme / Environnement","Tourisme / Environnement, Tourisme / Environnement",Tourisme / Environnement,contact_client,A,hotellerie_restauration,False,hotellerie_restauration
"Mathématiques, Mécanique / Industrie, Génie civil / Architecture","Mécanique / Industrie, Génie civil / Architecture","Mathématiques, Génie civil / Architecture",terrain,Autre,genie_civil,False,genie_civil
"Hôtellerie / Accueil, Hôtellerie / Accueil, Communication","Tourisme / Environnement, Hôtellerie / Accueil",Langues étrangères,contact_client,D,hotellerie_restauration,False,hotellerie_restauration
"Economie, Economie, Mathématiques","Economie, Economie",Gestion / Entreprise,bureau,A,economie_management,False,economie_management
"Mathématiques, Mécanique / Industrie, Génie civil / Architecture","Mathématiques, Mécanique / Industrie, Génie civil / Architecture",,terrain,S,genie_civil,False,genie_civil
"Chimie, Biologie / Santé, Pharmacie / Médicament","Chimie, Biologie / Santé, Pharmacie / Médicament",,terrain,S,pharmacie_sante,False,pharmacie_sante
"Communication, Tourisme / Environnement, Hôtellerie / Accueil, Langues étrangères",Langues étrangères,Hôtellerie / Accueil,contact_client,D,hotellerie_restauration,False,hotellerie_restauration
"Chimie, Biologie / Santé, Pharmacie / Médicament","Biologie / Santé, Pharmacie / Médicament","Biologie / Santé, Pharmacie / Médicament",laboratoire,Autre,pharmacie_sante,False,pharmacie_sante
"Mécanique / Industrie, Mécanique / Industrie","Mines / Géologie, Mécanique / Industrie","Physique / Electronique, Chimie",terrain,S,chimie_mines,False,chimie_mines
"Physique / Electronique, Intelligence artificielle, Physique / Electronique","Physique / Electronique, Intelligence artificielle, Physique / Electronique",,bureau,D,reseaux_electronique,False,reseaux_electronique
"Communication, Tourisme / Environnement, Hôtellerie / Accueil, Langues étrangères","Langues étrangères, Langues étrangères","Communication, Tourisme / Environnement",contact_client,A,hotellerie_restauration,False,hotellerie_restauration
"Langues étrangères, Statistiques / Données","Mathématiques, Economie","Statistiques / Données, Langues étrangères",bureau,D,economie_management,False,economie_management
"Chimie, Biologie / Santé, Pharmacie / Médicament","Chimie, Chimie","Pharmacie / Médicament, Pharmacie / Médicament",laboratoire,S,pharmacie_sante,False,pharmacie_sante
"Biologie / Santé, Chimie, Agroalimentaire",Chimie,"Chimie, Agriculture / Elevage",terrain,S,agroalimentaire,False,agroalimentaire
"Mécanique / Industrie, Génie civil / Architecture","Mathématiques, Génie civil / Architecture",Génie civil / Architecture,terrain,S,genie_civil,False,genie_civil
"Tourisme / Environnement, Langues étrangères","Tourisme / Environnement, Langues étrangères",,terrain,L,tourisme_environnement,False,tourisme_environnement
"Agroalimentaire, Agroalimentaire, Biologie / Santé",Chimie,"Chimie, Biologie / Santé",terrain,S,agroalimentaire,True,pharmacie_sante
"Informatique / Programmation, Intelligence artificielle, Réseaux / Systèmes, Physique / Electronique","Intelligence artificielle, Intelligence artificielle, Réseaux / Systèmes","Réseaux / Systèmes, Physique / Electronique",atelier,D,reseaux_electronique,False,reseaux_electronique
"Communication, Hôtellerie / Accueil, Hôtellerie / Accueil","Tourisme / Environnement, Communication, Hôtellerie / Accueil","Hôtellerie / Accueil, Hôtellerie / Accueil",contact_client,D,hotellerie_restauration,False,hotellerie_restauration
"Physique / Electronique, Physique / Electronique, Physique / Electronique",Physique / Electronique,Informatique / Programmation,atelier,S,reseaux_electronique,False,reseaux_electronique
"Droit / Juridique, Langues étrangères","Droit / Juridique, Langues étrangères",,bureau,D,droit,False,droit
"Tourisme / Environnement, Langues étrangères","Tourisme / Environnement, Langues étrangères",,atelier,D,tourisme_environnement,False,tourisme_environnement
"Statistiques / Données, Statistiques / Données, Mathématiques",Mathématiques,,bureau,S,data_ia,False,data_ia
"Mathématiques, Mécanique / Industrie, Génie civil / Architecture","Mathématiques, Génie civil / Architecture",,terrain,D,genie_civil,True,genie_industriel
"Langues étrangères, Economie, Commerce / Marketing, Gestion / Entreprise","Economie, Statistiques / Données",,atelier,A,economie_management,False,economie_management
"Informatique / Programmation, Mathématiques, Intelligence artificielle",Statistiques / Données,"Communication, Gestion / Entreprise",bureau,S,informatique_numerique,True,genie_industriel
"Chimie, Biologie / Santé, Agriculture / Elevage, Agroalimentaire","Agriculture / Elevage, Chimie",,laboratoire,S,agroalimentaire,False,agroalimentaire
"Tourisme / Environnement, Langues étrangères","Tourisme / Environnement, Langues étrangères",Tourisme / Environnement,terrain,Autre,tourisme_environnement,False,tourisme_environnement
"Réseaux / Systèmes, Multimédia / Design, Statistiques / Données","Réseaux / Systèmes, Intelligence artificielle, Intelligence artificielle",,atelier,S,informatique_numerique,False,informatique_numerique
"Hôtellerie / Accueil, Tourisme / Environnement",Tourisme / Environnement,,contact_client,A,hotellerie_restauration,False,hotellerie_restauration
"Biologie / Santé, Agriculture / Elevage","Biologie / Santé, Agriculture / Elevage",,terrain,Autre,agriculture_elevage,False,agriculture_elevage
"Informatique / Programmation, Multimédia / Design, Multimédia / Design","Statistiques / Données, Réseaux / Systèmes, Statistiques / Données","Multimédia / Design, Mathématiques",bureau,D,informatique_numerique,False,informatique_numerique
"Communication, Tourisme / Environnement, Hôtellerie / Accueil, Langues étrangères","Communication, Langues étrangères","Hôtellerie / Accueil, Tourisme / Environnement",contact_client,A,hotellerie_restauration,False,hotellerie_restauration
"Mathématiques, Mécanique / Industrie","Mines / Géologie, Mécanique / Industrie, Mathématiques",,terrain,S,chimie_mines,False,chimie_mines
"Mines / Géologie, Mathématiques, Mines / Géologie, Mécanique / Industrie","Mécanique / Industrie, Physique / Electronique",,contact_client,S,chimie_mines,False,chimie_mines
"Mathématiques, Gestion / Entreprise, Gestion / Entreprise",Gestion / Entreprise,,bureau,L,finance_comptabilite,False,finance_comptabilite
"Mines / Géologie, Mines / Géologie, Mécanique / Industrie","Mécanique / Industrie, Mines / Géologie","Chimie, Mécanique / Industrie",bureau,Autre,chimie_mines,False,chimie_mines
"Langues étrangères, Hôtellerie / Accueil","Hôtellerie / Accueil, Hôtellerie / Accueil",Communication,contact_client,A,hotellerie_restauration,False,hotellerie_restauration
"Informatique / Programmation, Statistiques / Données, Mathématiques, Informatique / Programmation","Mathématiques, Informatique / Programmation","Informatique / Programmation, Informatique / Programmation",bureau,C,data_ia,False,data_ia
"Mécanique / Industrie, Informatique / Programmation",Physique / Electronique,,atelier,S,genie_industriel,True,data_ia
"Commerce / Marketing, Economie","Economie, Gestion / Entreprise, Mathématiques",,bureau,L,economie_management,False,economie_management
"Biologie / Santé, Agriculture / Elevage",Agriculture / Elevage,"Biologie / Santé, Agriculture / Elevage",terrain,S,agriculture_elevage,False,agriculture_elevage
"Chimie, Biologie / Santé, Agriculture / Elevage, Agroalimentaire","Chimie, Agriculture / Elevage, Chimie",,laboratoire,Autre,agroalimentaire,False,agroalimentaire
"Mathématiques, Langues étrangères, Finance / Comptabilité","Gestion / Entreprise, Langues étrangères, Statistiques / Données","Statistiques / Données, Langues étrangères",terrain,L,finance_comptabilite,False,finance_comptabilite
"Hôtellerie / Accueil, Hôtellerie / Accueil","Hôtellerie / Accueil, Hôtellerie / Accueil, Communication","Hôtellerie / Accueil, Communication",contact_client,A,hotellerie_restauration,False,hotellerie_restauration
"Tourisme / Environnement, Langues étrangères",Tourisme / Environnement,"Tourisme / Environnement, Langues étrangères",terrain,A,tourisme_environnement,False,tourisme_environnement
"Mécanique / Industrie, Mécanique / Industrie",Mathématiques,Mécanique / Industrie,atelier,D,genie_industriel,False,genie_industriel
"Langues étrangères, Commerce / Marketing, Economie","Finance / Comptabilité, Gestion / Entreprise",Commerce / Marketing,bureau,A,commerce_gestion,False,commerce_gestion
"Droit / Juridique, Langues étrangères","Droit / Juridique, Langues étrangères",Droit / Juridique,bureau,Autre,droit,False,droit
"Chimie, Biologie / Santé, Pharmacie / Médicament","Chimie, Biologie / Santé, Pharmacie / Médicament",Pharmacie / Médicament,bureau,D,pharmacie_sante,False,pharmacie_sante
"Génie civil / Architecture, Génie civil / Architecture","Génie civil / Architecture, Génie civil / Architecture","Mathématiques, Mathématiques",terrain,D,genie_civil,False,genie_civil
"Finance / Comptabilité, Finance / Comptabilité",Finance / Comptabilité,,bureau,A,commerce_gestion,False,commerce_gestion
"Hôtellerie / Accueil, Langues étrangères, Hôtellerie / Accueil",Langues étrangères,,contact_client,A,hotellerie_restauration,False,hotellerie_restauration
"Physique / Electronique, Mathématiques","Chimie, Chimie, Mines / Géologie",,bureau,Autre,chimie_mines,True,finance_comptabilite
"Hôtellerie / Accueil, Tourisme / Environnement, Communication","Hôtellerie / Accueil, Hôtellerie / Accueil, Hôtellerie / Accueil",,contact_client,D,hotellerie_restauration,True,commerce_gestion
"Réseaux / Systèmes, Physique / Electronique, Physique / Electronique","Intelligence artificielle, Physique / Electronique",,terrain,S,reseaux_electronique,False,reseaux_electronique
"Mathématiques, Informatique / Programmation","Physique / Electronique, Informatique / Programmation",Mathématiques,atelier,D,genie_industriel,False,genie_industriel
"Chimie, Biologie / Santé, Agriculture / Elevage, Agroalimentaire","Agroalimentaire, Agroalimentaire",Biologie / Santé,laboratoire,S,agroalimentaire,False,agroalimentaire
"Langues étrangères, Communication, Hôtellerie / Accueil",Hôtellerie / Accueil,,contact_client,Technique,hotellerie_restauration,False,hotellerie_restauration
"Communication, Communication",Economie,,contact_client,Autre,commerce_gestion,False,commerce_gestion
"Mathématiques, Informatique / Programmation, Statistiques / Données, Mathématiques","Informatique / Programmation, Mathématiques","Economie, Statistiques / Données",bureau,D,data_ia,False,data_ia
"Droit / Juridique, Langues étrangères",Droit / Juridique,Droit / Juridique,terrain,D,droit,False,droit
"Chimie, Biologie / Santé, Pharmacie / Médicament","Biologie / Santé, Biologie / Santé","Chimie, Biologie / Santé",bureau,D,pharmacie_sante,False,pharmacie_sante
"Mathématiques, Mécanique / Industrie, Génie civil / Architecture","Mathématiques, Mécanique / Industrie, Génie civil / Architecture",Mathématiques,terrain,S,genie_civil,False,genie_civil
"Biologie / Santé, Agriculture / Elevage",Agriculture / Elevage,,terrain,D,agriculture_elevage,False,agriculture_elevage
"Mathématiques, Mécanique / Industrie",Informatique / Programmation,,atelier,Autre,genie_industriel,False,genie_industriel
"Hôtellerie / Accueil, Tourisme / Environnement",Communication,,contact_client,A,hotellerie_restauration,False,hotellerie_restauration
"Langues étrangères, Mathématiques, Langues étrangères, Gestion / Entreprise",Finance / Comptabilité,,bureau,Technique,finance_comptabilite,False,finance_comptabilite
"Biologie / Santé, Agroalimentaire, Chimie",Biologie / Santé,Agroalimentaire,laboratoire,S,agroalimentaire,False,agroalimentaire
"Mathématiques, Réseaux / Systèmes, Mathématiques","Réseaux / Systèmes, Communication, Multimédia / Design","Intelligence artificielle, Réseaux / Systèmes",bureau,S,informatique_numerique,False,informatique_numerique
"Mathématiques, Mécanique / Industrie, Génie civil / Architecture",Génie civil / Architecture,"Mécanique / Industrie, Génie civil / Architecture",terrain,C,genie_civil,False,genie_civil
"Multimédia / Design, Multimédia / Design, Multimédia / Design, Réseaux / Systèmes","Réseaux / Systèmes, Mathématiques","Multimédia / Design, Intelligence artificielle",bureau,S,informatique_numerique,False,informatique_numerique
"Tourisme / Environnement, Langues étrangères","Tourisme / Environnement, Langues étrangères",Tourisme / Environnement,atelier,A,tourisme_environnement,True,hotellerie_restauration
"Informatique / Programmation, Mathématiques, Physique / Electronique, Mécanique / Industrie","Mécanique / Industrie, Mécanique / Industrie",Physique / Electronique,atelier,C,genie_industriel,False,genie_industriel
"Economie, Statistiques / Données, Economie, Statistiques / Données","Commerce / Marketing, Economie",,bureau,Autre,economie_management,False,economie_management
"Chimie, Physique / Electronique, Mines / Géologie","Mines / Géologie, Mines / Géologie, Chimie","Mathématiques, Mécanique / Industrie",terrain,D,chimie_mines,False,chimie_mines
"Génie civil / Architecture, Mécanique / Industrie","Mathématiques, Mécanique / Industrie, Génie civil / Architecture",,terrain,S,genie_civil,False,genie_civil
"Communication, Hôtellerie / Accueil, Langues étrangères","Langues étrangères, Tourisme / Environnement",Langues étrangères,terrain,L,hotellerie_restauration,False,hotellerie_restauration
"Agroalimentaire, Agroalimentaire","Chimie, Biologie / Santé",,laboratoire,C,agroalimentaire,False,agroalimentaire
"Hôtellerie / Accueil, Tourisme / Environnement","Hôtellerie / Accueil, Tourisme / Environnement",,contact_client,A,hotellerie_restauration,False,hotellerie_restauration
"Génie civil / Architecture, Génie civil / Architecture",Mathématiques,Mécanique / Industrie,terrain,S,genie_civil,False,genie_civil
"Mathématiques, Mines / Géologie, Mines / Géologie, Mathématiques",Mécanique / Industrie,"Chimie, Mathématiques",terrain,S,chimie_mines,False,chimie_mines
"Statistiques / Données, Langues étrangères, Finance / Comptabilité","Gestion / Entreprise, Finance / Comptabilité",,bureau,A,finance_comptabilite,False,finance_comptabilite
"Economie, Informatique / Programmation","Intelligence artificielle, Statistiques / Données, Intelligence artificielle",,bureau,S,data_ia,False,data_ia
"Finance / Comptabilité, Statistiques / Données","Mathématiques, Finance / Comptabilité","Gestion / Entreprise, Langues étrangères",bureau,D,finance_comptabilite,False,finance_comptabilite
"Statistiques / Données, Intelligence artificielle",Informatique / Programmation,Mathématiques,bureau,S,data_ia,False,data_ia
"Mathématiques, Mécanique / Industrie, Génie civil / Architecture","Mathématiques, Mécanique / Industrie, Génie civil / Architecture",,terrain,D,genie_civil,False,genie_civil
"Tourisme / Environnement, Langues étrangères",Tourisme / Environnement,,terrain,A,tourisme_environnement,False,tourisme_environnement
"Tourisme / Environnement, Langues étrangères",Tourisme / Environnement,"Tourisme / Environnement, Langues étrangères",terrain,Autre,tourisme_environnement,False,tourisme_environnement
"Biologie / Santé, Agriculture / Elevage",Agriculture / Elevage,,terrain,S,agriculture_elevage,False,agriculture_elevage
"Chimie, Chimie, Agroalimentaire","Agroalimentaire, Biologie / Santé, Agroalimentaire",,laboratoire,S,agroalimentaire,False,agroalimentaire
"Finance / Comptabilité, Langues étrangères","Gestion / Entreprise, Finance / Comptabilité, Statistiques / Données",,bureau,D,finance_comptabilite,False,finance_comptabilite
"Mathématiques, Génie civil / Architecture","Mathématiques, Mécanique / Industrie, Génie civil / Architecture",,terrain,S,genie_civil,False,genie_civil
"Multimédia / Design, Multimédia / Design, Intelligence artificielle",Mathématiques,"Mathématiques, Communication",bureau,D,informatique_numerique,False,informatique_numerique
"Intelligence artificielle, Mathématiques",Statistiques / Données,,terrain,S,data_ia,False,data_ia
"Economie, Gestion / Entreprise","Mathématiques, Economie, Commerce / Marketing","Commerce / Marketing, Mathématiques",bureau,D,economie_management,False,economie_management
"Mécanique / Industrie, Mathématiques",Physique / Electronique,,atelier,C,genie_industriel,False,genie_industriel
"Physique / Electronique, Mines / Géologie, Mécanique / Industrie","Mines / Géologie, Mathématiques, Mathématiques",,laboratoire,S,chimie_mines,False,chimie_mines
"Agroalimentaire, Agroalimentaire","Agriculture / Elevage, Chimie, Agroalimentaire",,laboratoire,D,agroalimentaire,False,agroalimentaire
"Informatique / Programmation, Intelligence artificielle, Réseaux / Systèmes, Physique / Electronique",Réseaux / Systèmes,,atelier,D,reseaux_electronique,False,reseaux_electronique
"Tourisme / Environnement, Langues étrangères","Tourisme / Environnement, Langues étrangères",,terrain,A,tourisme_environnement,False,tourisme_environnement
"Mathématiques, Mines / Géologie","Mines / Géologie, Chimie, Mines / Géologie",Mines / Géologie,terrain,D,chimie_mines,False,chimie_mines
"Hôtellerie / Accueil, Hôtellerie / Accueil, Langues étrangères","Tourisme / Environnement, Hôtellerie / Accueil, Tourisme / Environnement","Langues étrangères, Hôtellerie / Accueil",contact_client,A,hotellerie_restauration,False,hotellerie_restauration
"Mathématiques, Mines / Géologie","Mines / Géologie, Mines / Géologie, Mines / Géologie",Mathématiques,terrain,Autre,chimie_mines,False,chimie_mines
"Gestion / Entreprise, Statistiques / Données, Gestion / Entreprise, Statistiques / Données",Langues étrangères,Mathématiques,laboratoire,Autre,finance_comptabilite,False,finance_comptabilite
"Droit / Juridique, Langues étrangères","Droit / Juridique, Langues étrangères",Droit / Juridique,bureau,D,droit,False,droit
"Tourisme / Environnement, Tourisme / Environnement",Communication,,contact_client,A,hotellerie_restauration,False,hotellerie_restauration
"Chimie, Biologie / Santé, Pharmacie / Médicament","Chimie, Biologie / Santé, Pharmacie / Médicament","Pharmacie / Médicament, Biologie / Santé",laboratoire,D,pharmacie_sante,True,agroalimentaire
"Mécanique / Industrie, Mécanique / Industrie","Mathématiques, Physique / Electronique","Mécanique / Industrie, Mécanique / Industrie",atelier,D,genie_industriel,True,data_ia
"Mathématiques, Statistiques / Données, Intelligence artificielle, Multimédia / Design","Statistiques / Données, Gestion / Entreprise","Réseaux / Systèmes, Communication",bureau,S,informatique_numerique,False,informatique_numerique
"Réseaux / Systèmes, Intelligence artificielle, Physique / Electronique","Intelligence artificielle, Réseaux / Systèmes",Informatique / Programmation,terrain,D,reseaux_electronique,False,reseaux_electronique
"Statistiques / Données, Commerce / Marketing","Commerce / Marketing, Mathématiques",Gestion / Entreprise,atelier,A,economie_management,False,economie_management
"Gestion / Entreprise, Gestion / Entreprise, Economie","Economie, Statistiques / Données",Gestion / Entreprise,bureau,A,economie_management,False,economie_management
"Mines / Géologie, Chimie, Chimie, Mines / Géologie",Mécanique / Industrie,Physique / Electronique,terrain,D,chimie_mines,False,chimie_mines
"Mathématiques, Chimie",Mécanique / Industrie,Mathématiques,terrain,S,chimie_mines,False,chimie_mines
"Langues étrangères, Mathématiques, Langues étrangères","Economie, Economie","Economie, Mathématiques",bureau,Autre,economie_management,True,data_ia
"Commerce / Marketing, Gestion / Entreprise, Economie, Langues étrangères","Statistiques / Données, Langues étrangères, Mathématiques","Economie, Economie",bureau,Technique,economie_management,False,economie_management
"Chimie, Pharmacie / Médicament","Chimie, Biologie / Santé","Biologie / Santé, Chimie",bureau,Autre,pharmacie_sante,False,pharmacie_sante
"Biologie / Santé, Agroalimentaire",Chimie,"Biologie / Santé, Biologie / Santé",bureau,D,agroalimentaire,False,agroalimentaire
"Physique / Electronique, Réseaux / Systèmes, Physique / Electronique",Informatique / Programmation,"Informatique / Programmation, Physique / Electronique",terrain,Autre,reseaux_electronique,False,reseaux_electronique
"Communication, Tourisme / Environnement, Hôtellerie / Accueil, Langues étrangères","Communication, Langues étrangères, Tourisme / Environnement","Hôtellerie / Accueil, Communication",laboratoire,Technique,hotellerie_restauration,True,droit
"Tourisme / Environnement, Langues étrangères","Tourisme / Environnement, Langues étrangères",Langues étrangères,terrain,A,tourisme_environnement,False,tourisme_environnement
"Intelligence artificielle, Intelligence artificielle, Mathématiques, Statistiques / Données","Intelligence artificielle, Statistiques / Données, Mathématiques","Mathématiques, Mathématiques",laboratoire,D,data_ia,False,data_ia
"Gestion / Entreprise, Mathématiques, Finance / Comptabilité","Langues étrangères, Statistiques / Données, Mathématiques",,bureau,A,finance_comptabilite,True,informatique_numerique
"Commerce / Marketing, Commerce / Marketing, Commerce / Marketing","Communication, Langues étrangères, Langues étrangères",Economie,bureau,D,commerce_gestion,False,commerce_gestion
"Informatique / Programmation, Informatique / Programmation, Intelligence artificielle","Intelligence artificielle, Physique / Electronique, Informatique / Programmation",,atelier,D,reseaux_electronique,False,reseaux_electronique
"Tourisme / Environnement, Langues étrangères","Tourisme / Environnement, Langues étrangères",,contact_client,D,tourisme_environnement,False,tourisme_environnement
"Statistiques / Données, Gestion / Entreprise, Réseaux / Systèmes","Multimédia / Design, Intelligence artificielle",,bureau,S,informatique_numerique,False,informatique_numerique
"Informatique / Programmation, Physique / Electronique, Physique / Electronique","Réseaux / Systèmes, Intelligence artificielle, Réseaux / Systèmes",,atelier,S,reseaux_electronique,False,reseaux_electronique
"Mathématiques, Mécanique / Industrie, Génie civil / Architecture",Mathématiques,Mathématiques,terrain,D,genie_civil,False,genie_civil
"Gestion / Entreprise, Economie, Commerce / Marketing","Gestion / Entreprise, Langues étrangères",Finance / Comptabilité,bureau,Autre,commerce_gestion,True,tourisme_environnement
"Droit / Juridique, Langues étrangères",Droit / Juridique,Droit / Juridique,bureau,D,droit,False,droit
"Statistiques / Données, Langues étrangères, Economie, Statistiques / Données","Gestion / Entreprise, Economie","Commerce / Marketing, Gestion / Entreprise",terrain,D,economie_management,False,economie_management
"Chimie, Biologie / Santé, Pharmacie / Médicament","Chimie, Biologie / Santé, Pharmacie / Médicament",,laboratoire,S,pharmacie_sante,False,pharmacie_sante
"Langues étrangères, Hôtellerie / Accueil",Communication,"Langues étrangères, Hôtellerie / Accueil",contact_client,Technique,hotellerie_restauration,False,hotellerie_restauration
"Informatique / Programmation, Intelligence artificielle","Informatique / Programmation, Physique / Electronique, Intelligence artificielle",Réseaux / Systèmes,atelier,S,reseaux_electronique,True,informatique_numerique
"Communication, Commerce / Marketing","Economie, Gestion / Entreprise",Economie,bureau,A,commerce_gestion,False,commerce_gestion
"Mathématiques, Physique / Electronique",Mécanique / Industrie,"Mathématiques, Mines / Géologie",terrain,S,chimie_mines,False,chimie_mines
"Informatique / Programmation, Mathématiques, Physique / Electronique, Mécanique / Industrie",Physique / Electronique,"Informatique / Programmation, Mécanique / Industrie",atelier,D,genie_industriel,False,genie_industriel
"Statistiques / Données, Gestion / Entreprise, Finance / Comptabilité, Finance / Comptabilité",Finance / Comptabilité,"Langues étrangères, Finance / Comptabilité",bureau,A,finance_comptabilite,False,finance_comptabilite
"Mathématiques, Génie civil / Architecture","Mécanique / Industrie, Mathématiques",Mécanique / Industrie,terrain,S,genie_civil,False,genie_civil
"Physique / Electronique, Informatique / Programmation, Réseaux / Systèmes","Réseaux / Systèmes, Physique / Electronique, Informatique / Programmation","Informatique / Programmation, Informatique / Programmation",atelier,S,reseaux_electronique,False,reseaux_electronique
"Informatique / Programmation, Communication, Statistiques / Données, Mathématiques","Multimédia / Design, Mathématiques, Communication","Gestion / Entreprise, Communication",bureau,Autre,informatique_numerique,False,informatique_numerique
"Langues étrangères, Langues étrangères","Langues étrangères, Hôtellerie / Accueil, Communication",Communication,laboratoire,A,hotellerie_restauration,False,hotellerie_restauration
"Chimie, Biologie / Santé, Pharmacie / Médicament","Chimie, Biologie / Santé, Pharmacie / Médicament","Pharmacie / Médicament, Chimie",atelier,S,pharmacie_sante,False,pharmacie_sante
"Réseaux / Systèmes, Statistiques / Données, Communication, Intelligence artificielle","Gestion / Entreprise, Réseaux / Systèmes",,bureau,C,informatique_numerique,False,informatique_numerique
"Mécanique / Industrie, Chimie, Mécanique / Industrie, Mathématiques","Mines / Géologie, Physique / Electronique, Mathématiques","Mécanique / Industrie, Mines / Géologie",terrain,S,chimie_mines,False,chimie_mines
"Communication, Communication, Finance / Comptabilité, Commerce / Marketing","Gestion / Entreprise, Commerce / Marketing, Gestion / Entreprise",,bureau,D,commerce_gestion,False,commerce_gestion
"Mécanique / Industrie, Génie civil / Architecture",Mécanique / Industrie,,terrain,S,genie_civil,False,genie_civil
"Finance / Comptabilité, Statistiques / Données, Statistiques / Données",Gestion / Entreprise,Statistiques / Données,bureau,A,finance_comptabilite,False,finance_comptabilite
"Informatique / Programmation, Mathématiques, Physique / Electronique, Mécanique / Industrie","Mathématiques, Physique / Electronique, Mécanique / Industrie","Physique / Electronique, Physique / Electronique",atelier,S,genie_industriel,False,genie_industriel
"Chimie, Biologie / Santé, Pharmacie / Médicament","Pharmacie / Médicament, Chimie","Chimie, Chimie",terrain,C,pharmacie_sante,False,pharmacie_sante
"Chimie, Biologie / Santé, Pharmacie / Médicament","Pharmacie / Médicament, Pharmacie / Médicament","Biologie / Santé, Pharmacie / Médicament",laboratoire,S,pharmacie_sante,False,pharmacie_sante
"Commerce / Marketing, Gestion / Entreprise, Gestion / Entreprise, Langues étrangères","Commerce / Marketing, Commerce / Marketing, Langues étrangères",,bureau,A,commerce_gestion,False,commerce_gestion
"Biologie / Santé, Agriculture / Elevage","Biologie / Santé, Agriculture / Elevage",Agriculture / Elevage,terrain,S,agriculture_elevage,False,agriculture_elevage
"Finance / Comptabilité, Mathématiques, Statistiques / Données","Gestion / Entreprise, Finance / Comptabilité, Mathématiques","Langues étrangères, Gestion / Entreprise",bureau,A,finance_comptabilite,False,finance_comptabilite
"Multimédia / Design, Multimédia / Design, Multimédia / Design, Multimédia / Design",Statistiques / Données,Intelligence artificielle,laboratoire,D,informatique_numerique,False,informatique_numerique
"Réseaux / Systèmes, Informatique / Programmation",Informatique / Programmation,Réseaux / Systèmes,bureau,S,informatique_numerique,False,informatique_numerique
"Mathématiques, Finance / Comptabilité, Finance / Comptabilité, Gestion / Entreprise","Statistiques / Données, Gestion / Entreprise","Statistiques / Données, Finance / Comptabilité",bureau,L,finance_comptabilite,False,finance_comptabilite
"Mécanique / Industrie, Physique / Electronique, Mécanique / Industrie","Physique / Electronique, Mécanique / Industrie, Physique / Electronique",Informatique / Programmation,atelier,S,genie_industriel,False,genie_industriel
"Mathématiques, Mécanique / Industrie, Génie civil / Architecture","Mathématiques, Mécanique / Industrie, Génie civil / Architecture",Génie civil / Architecture,terrain,S,genie_civil,False,genie_civil
"Hôtellerie / Accueil, Hôtellerie / Accueil, Hôtellerie / Accueil","Hôtellerie / Accueil, Hôtellerie / Accueil",,laboratoire,L,hotellerie_restauration,False,hotellerie_restauration
"Finance / Comptabilité, Finance / Comptabilité",Finance / Comptabilité,"Gestion / Entreprise, Statistiques / Données",terrain,A,finance_comptabilite,False,finance_comptabilite
"Informatique / Programmation, Intelligence artificielle, Réseaux / Systèmes, Physique / Electronique","Réseaux / Systèmes, Réseaux / Systèmes, Physique / Electronique","Informatique / Programmation, Réseaux / Systèmes",atelier,Autre,reseaux_electronique,False,reseaux_electronique
"Finance / Comptabilité, Economie, Finance / Comptabilité, Gestion / Entreprise","Communication, Finance / Comptabilité, Economie","Commerce / Marketing, Commerce / Marketing",bureau,A,commerce_gestion,False,commerce_gestion
"Chimie, Biologie / Santé, Agriculture / Elevage, Agroalimentaire","Chimie, Agroalimentaire, Agriculture / Elevage","Biologie / Santé, Chimie",bureau,S,agroalimentaire,False,agroalimentaire
"Droit / Juridique, Langues étrangères","Droit / Juridique, Langues étrangères","Droit / Juridique, Langues étrangères",bureau,Autre,droit,False,droit
"Réseaux / Systèmes, Physique / Electronique, Intelligence artificielle",Intelligence artificielle,"Réseaux / Systèmes, Intelligence artificielle",atelier,S,reseaux_electronique,False,reseaux_electronique
"Biologie / Santé, Agriculture / Elevage","Biologie / Santé, Agriculture / Elevage",,terrain,S,agriculture_elevage,False,agriculture_elevage
"Tourisme / Environnement, Hôtellerie / Accueil, Langues étrangères",Langues étrangères,"Hôtellerie / Accueil, Hôtellerie / Accueil",contact_client,D,hotellerie_restauration,False,hotellerie_restauration
"Gestion / Entreprise, Gestion / Entreprise, Economie","Commerce / Marketing, Gestion / Entreprise","Gestion / Entreprise, Commerce / Marketing",contact_client,D,commerce_gestion,False,commerce_gestion
"Informatique / Programmation, Intelligence artificielle, Réseaux / Systèmes","Réseaux / Systèmes, Réseaux / Systèmes","Statistiques / Données, Réseaux / Systèmes",bureau,S,informatique_numerique,False,informatique_numerique
"Communication, Langues étrangères",Commerce / Marketing,"Langues étrangères, Economie",bureau,Autre,commerce_gestion,False,commerce_gestion
"Multimédia / Design, Intelligence artificielle, Multimédia / Design","Communication, Mathématiques",,bureau,S,informatique_numerique,False,informatique_numerique
"Mathématiques, Mécanique / Industrie, Génie civil / Architecture","Mathématiques, Mathématiques","Génie civil / Architecture, Génie civil / Architecture",terrain,S,genie_civil,False,genie_civil
"Chimie, Biologie / Santé, Pharmacie / Médicament","Biologie / Santé, Biologie / Santé","Pharmacie / Médicament, Biologie / Santé",laboratoire,S,pharmacie_sante,False,pharmacie_sante
"Informatique / Programmation, Mathématiques, Physique / Electronique, Mécanique / Industrie","Mathématiques, Physique / Electronique",Physique / Electronique,atelier,D,genie_industriel,True,chimie_mines
"Commerce / Marketing, Langues étrangères, Commerce / Marketing, Economie","Langues étrangères, Commerce / Marketing",Commerce / Marketing,bureau,A,commerce_gestion,False,commerce_gestion
"Chimie, Biologie / Santé, Agriculture / Elevage, Agroalimentaire","Agriculture / Elevage, Agriculture / Elevage, Agriculture / Elevage",,laboratoire,S,agroalimentaire,False,agroalimentaire
"Mécanique / Industrie, Mathématiques, Mathématiques","Mécanique / Industrie, Informatique / Programmation, Mécanique / Industrie",,atelier,C,genie_industriel,False,genie_industriel
"Droit / Juridique, Langues étrangères","Droit / Juridique, Langues étrangères",Droit / Juridique,bureau,Technique,droit,False,droit
"Droit / Juridique, Langues étrangères",Droit / Juridique,"Droit / Juridique, Langues étrangères",laboratoire,D,droit,False,droit
"Droit / Juridique, Langues étrangères","Droit / Juridique, Langues étrangères",Droit / Juridique,bureau,D,droit,False,droit
"Droit / Juridique, Langues étrangères","Droit / Juridique, Langues étrangères","Droit / Juridique, Langues étrangères",bureau,D,droit,False,droit
"Gestion / Entreprise, Economie","Communication, Finance / Comptabilité",,bureau,A,commerce_gestion,False,commerce_gestion
"Mathématiques, Langues étrangères",Statistiques / Données,Mathématiques,contact_client,D,finance_comptabilite,False,finance_comptabilite
"Gestion / Entreprise, Finance / Comptabilité",Gestion / Entreprise,Gestion / Entreprise,bureau,Autre,finance_comptabilite,False,finance_comptabilite
"Agroalimentaire, Agroalimentaire, Biologie / Santé","Agroalimentaire, Agriculture / Elevage, Biologie / Santé",Biologie / Santé,terrain,D,agroalimentaire,False,agroalimentaire
"Réseaux / Systèmes, Informatique / Programmation","Réseaux / Systèmes, Physique / Electronique, Réseaux / Systèmes",,atelier,Autre,reseaux_electronique,False,reseaux_electronique
"Mathématiques, Mathématiques, Statistiques / Données, Intelligence artificielle",Mathématiques,"Informatique / Programmation, Informatique / Programmation",atelier,D,data_ia,False,data_ia
"Economie, Gestion / Entreprise, Economie","Statistiques / Données, Statistiques / Données","Gestion / Entreprise, Commerce / Marketing",bureau,Autre,economie_management,False,economie_management
"Génie civil / Architecture, Génie civil / Architecture","Mécanique / Industrie, Génie civil / Architecture",Génie civil / Architecture,terrain,C,genie_civil,False,genie_civil
"Biologie / Santé, Agriculture / Elevage","Biologie / Santé, Agriculture / Elevage","Biologie / Santé, Agriculture / Elevage",terrain,S,agriculture_elevage,False,agriculture_elevage
"Informatique / Programmation, Mathématiques, Physique / Electronique, Mécanique / Industrie","Mécanique / Industrie, Mécanique / Industrie, Physique / Electronique",,atelier,S,genie_industriel,False,genie_industriel
"Mécanique / Industrie, Mécanique / Industrie","Mathématiques, Physique / Electronique, Informatique / Programmation","Mécanique / Industrie, Physique / Electronique",atelier,Autre,genie_industriel,False,genie_industriel
"Economie, Finance / Comptabilité, Commerce / Marketing, Gestion / Entreprise","Gestion / Entreprise, Gestion / Entreprise",,bureau,D,commerce_gestion,False,commerce_gestion
"Informatique / Programmation, Intelligence artificielle, Réseaux / Systèmes, Physique / Electronique","Physique / Electronique, Intelligence artificielle, Physique / Electronique",Intelligence artificielle,atelier,S,reseaux_electronique,False,reseaux_electronique
"Droit / Juridique, Langues étrangères","Droit / Juridique, Langues étrangères",,bureau,L,droit,False,droit
"Finance / Comptabilité, Finance / Comptabilité, Finance / Comptabilité, Finance / Comptabilité",Mathématiques,Gestion / Entreprise,bureau,A,finance_comptabilite,False,finance_comptabilite
"Biologie / Santé, Agriculture / Elevage",Agriculture / Elevage,"Biologie / Santé, Agriculture / Elevage",terrain,D,agriculture_elevage,False,agriculture_elevage
"Informatique / Programmation, Mathématiques, Physique / Electronique, Mécanique / Industrie","Physique / Electronique, Mathématiques",,laboratoire,D,genie_industriel,False,genie_industriel
"Mathématiques, Mécanique / Industrie, Génie civil / Architecture",Mathématiques,,terrain,D,genie_civil,False,genie_civil
"Mines / Géologie, Mécanique / Industrie","Mécanique / Industrie, Mines / Géologie",Chimie,terrain,S,chimie_mines,False,chimie_mines
"Physique / Electronique, Réseaux / Systèmes, Physique / Electronique","Informatique / Programmation, Physique / Electronique",,terrain,S,reseaux_electronique,False,reseaux_electronique
"Commerce / Marketing, Economie, Statistiques / Données, Economie",Economie,"Statistiques / Données, Economie",laboratoire,D,economie_management,False,economie_management
"Finance / Comptabilité, Gestion / Entreprise","Statistiques / Données, Finance / Comptabilité, Finance / Comptabilité",Mathématiques,bureau,D,finance_comptabilite,False,finance_comptabilite
"Communication, Intelligence artificielle, Réseaux / Systèmes",Intelligence artificielle,"Multimédia / Design, Gestion / Entreprise",bureau,D,informatique_numerique,False,informatique_numerique
"Informatique / Programmation, Statistiques / Données, Statistiques / Données, Mathématiques",Informatique / Programmation,"Statistiques / Données, Statistiques / Données",bureau,S,data_ia,False,data_ia
"Informatique / Programmation, Mathématiques, Physique / Electronique, Mécanique / Industrie",Mécanique / Industrie,,atelier,S,genie_industriel,False,genie_industriel
"Statistiques / Données, Finance / Comptabilité","Langues étrangères, Gestion / Entreprise",,bureau,A,finance_comptabilite,False,finance_comptabilite
"Mathématiques, Mécanique / Industrie, Génie civil / Architecture",Mécanique / Industrie,Génie civil / Architecture,laboratoire,S,genie_civil,False,genie_civil
"Economie, Mathématiques",Statistiques / Données,"Commerce / Marketing, Economie",bureau,D,economie_management,False,economie_management
"Tourisme / Environnement, Langues étrangères","Tourisme / Environnement, Langues étrangères",Tourisme / Environnement,terrain,Technique,tourisme_environnement,False,tourisme_environnement
"Physique / Electronique, Mathématiques","Mécanique / Industrie, Physique / Electronique, Mathématiques",,atelier,S,genie_industriel,False,genie_industriel
"Tourisme / Environnement, Langues étrangères",Langues étrangères,,contact_client,D,tourisme_environnement,False,tourisme_environnement
"Chimie, Agroalimentaire, Agriculture / Elevage",Agriculture / Elevage,Biologie / Santé,laboratoire,D,agroalimentaire,False,agroalimentaire
"Biologie / Santé, Agriculture / Elevage",Biologie / Santé,"Biologie / Santé, Agriculture / Elevage",terrain,D,agriculture_elevage,False,agriculture_elevage
"Biologie / Santé, Chimie, Agroalimentaire",Agroalimentaire,"Agroalimentaire, Chimie",laboratoire,Autre,agroalimentaire,False,agroalimentaire
"Statistiques / Données, Commerce / Marketing, Economie","Economie, Statistiques / Données, Economie","Statistiques / Données, Langues étrangères",bureau,Autre,economie_management,False,economie_management
"Mathématiques, Economie, Gestion / Entreprise, Mathématiques","Economie, Gestion / Entreprise, Commerce / Marketing",Mathématiques,laboratoire,D,economie_management,False,economie_management
"Biologie / Santé, Agroalimentaire, Agriculture / Elevage","Biologie / Santé, Agroalimentaire","Biologie / Santé, Agroalimentaire",laboratoire,Autre,agroalimentaire,False,agroalimentaire
"Commerce / Marketing, Commerce / Marketing, Economie, Communication","Commerce / Marketing, Commerce / Marketing, Commerce / Marketing","Gestion / Entreprise, Langues étrangères",bureau,D,commerce_gestion,False,commerce_gestion
"Réseaux / Systèmes, Informatique / Programmation, Informatique / Programmation","Informatique / Programmation, Intelligence artificielle, Physique / Electronique",,atelier,S,reseaux_electronique,False,reseaux_electronique
"Tourisme / Environnement, Langues étrangères",Tourisme / Environnement,Tourisme / Environnement,terrain,L,tourisme_environnement,False,tourisme_environnement
"Physique / Electronique, Intelligence artificielle","Physique / Electronique, Informatique / Programmation","Intelligence artificielle, Physique / Electronique",atelier,D,reseaux_electronique,True,chimie_mines
"Gestion / Entreprise, Gestion / Entreprise, Commerce / Marketing","Gestion / Entreprise, Langues étrangères",,bureau,D,commerce_gestion,False,commerce_gestion
"Biologie / Santé, Agriculture / Elevage",Biologie / Santé,Agriculture / Elevage,contact_client,D,agriculture_elevage,False,agriculture_elevage
"Statistiques / Données, Finance / Comptabilité, Gestion / Entreprise, Finance / Comptabilité","Langues étrangères, Finance / Comptabilité, Statistiques / Données",,bureau,A,finance_comptabilite,True,data_ia
"Informatique / Programmation, Intelligence artificielle, Réseaux / Systèmes, Physique / Electronique","Réseaux / Systèmes, Intelligence artificielle, Informatique / Programmation","Intelligence artificielle, Intelligence artificielle",atelier,S,reseaux_electronique,False,reseaux_electronique
"Informatique / Programmation, Intelligence artificielle, Réseaux / Systèmes, Physique / Electronique","Intelligence artificielle, Réseaux / Systèmes",,atelier,D,reseaux_electronique,False,reseaux_electronique
"Mathématiques, Mécanique / Industrie, Génie civil / Architecture",Génie civil / Architecture,"Mécanique / Industrie, Mécanique / Industrie",terrain,S,genie_civil,False,genie_civil
"Agroalimentaire, Chimie, Agroalimentaire","Agriculture / Elevage, Agroalimentaire, Biologie / Santé",,laboratoire,D,agroalimentaire,False,agroalimentaire
"Tourisme / Environnement, Langues étrangères","Tourisme / Environnement, Langues étrangères",Tourisme / Environnement,atelier,A,tourisme_environnement,False,tourisme_environnement
"Tourisme / Environnement, Langues étrangères","Tourisme / Environnement, Langues étrangères","Tourisme / Environnement, Langues étrangères",terrain,A,tourisme_environnement,False,tourisme_environnement
"Chimie, Agriculture / Elevage","Biologie / Santé, Chimie",Chimie,contact_client,S,agroalimentaire,False,agroalimentaire
"Tourisme / Environnement, Langues étrangères","Tourisme / Environnement, Langues étrangères",,terrain,A,tourisme_environnement,False,tourisme_environnement
"Mines / Géologie, Chimie, Chimie",Mécanique / Industrie,Chimie,bureau,S,chimie_mines,False,chimie_mines
"Biologie / Santé, Agriculture / Elevage","Biologie / Santé, Agriculture / Elevage",,terrain,S,agriculture_elevage,False,agriculture_elevage
"Langues étrangères, Statistiques / Données, Finance / Comptabilité, Statistiques / Données","Finance / Comptabilité, Finance / Comptabilité, Finance / Comptabilité",,bureau,Technique,finance_comptabilite,False,finance_comptabilite
"Mathématiques, Finance / Comptabilité, Finance / Comptabilité","Finance / Comptabilité, Gestion / Entreprise","Finance / Comptabilité, Finance / Comptabilité",bureau,A,finance_comptabilite,False,finance_comptabilite
"Chimie, Chimie, Mécanique / Industrie, Mécanique / Industrie",Mécanique / Industrie,,terrain,D,chimie_mines,False,chimie_mines
"Biologie / Santé, Agriculture / Elevage",Biologie / Santé,,terrain,C,agriculture_elevage,False,agriculture_elevage
"Informatique / Programmation, Intelligence artificielle","Mathématiques, Mathématiques, Mathématiques",Economie,bureau,S,data_ia,False,data_ia
"Tourisme / Environnement, Langues étrangères","Tourisme / Environnement, Langues étrangères",Tourisme / Environnement,terrain,A,tourisme_environnement,False,tourisme_environnement
"Tourisme / Environnement, Langues étrangères","Tourisme / Environnement, Langues étrangères",,terrain,A,tourisme_environnement,False,tourisme_environnement
"Chimie, Biologie / Santé, Pharmacie / Médicament",Pharmacie / Médicament,Pharmacie / Médicament,laboratoire,D,pharmacie_sante,False,pharmacie_sante
"Tourisme / Environnement, Langues étrangères","Tourisme / Environnement, Langues étrangères","Tourisme / Environnement, Langues étrangères",bureau,A,tourisme_environnement,False,tourisme_environnement
"Mathématiques, Mathématiques, Finance / Comptabilité","Langues étrangères, Finance / Comptabilité",,bureau,D,finance_comptabilite,False,finance_comptabilite
"Communication, Tourisme / Environnement, Hôtellerie / Accueil, Langues étrangères",Communication,"Communication, Tourisme / Environnement",contact_client,A,hotellerie_restauration,False,hotellerie_restauration
"Statistiques / Données, Langues étrangères, Statistiques / Données",Mathématiques,"Commerce / Marketing, Mathématiques",bureau,D,economie_management,False,economie_management
"Commerce / Marketing, Commerce / Marketing, Commerce / Marketing, Langues étrangères","Communication, Communication","Commerce / Marketing, Communication",bureau,D,commerce_gestion,False,commerce_gestion
"Mécanique / Industrie, Physique / Electronique","Informatique / Programmation, Physique / Electronique",Physique / Electronique,atelier,S,genie_industriel,False,genie_industriel
"Informatique / Programmation, Intelligence artificielle, Réseaux / Systèmes, Physique / Electronique","Physique / Electronique, Réseaux / Systèmes, Physique / Electronique",,atelier,D,reseaux_electronique,False,reseaux_electronique
"Réseaux / Systèmes, Physique / Electronique",Informatique / Programmation,,atelier,D,reseaux_electronique,False,reseaux_electronique
"Informatique / Programmation, Physique / Electronique",Physique / Electronique,"Physique / Electronique, Physique / Electronique",atelier,S,genie_industriel,True,informatique_numerique
"Statistiques / Données, Gestion / Entreprise, Mathématiques","Mathématiques, Statistiques / Données",Mathématiques,bureau,Technique,finance_comptabilite,False,finance_comptabilite
"Droit / Juridique, Langues étrangères",Droit / Juridique,Droit / Juridique,bureau,L,droit,False,droit
"Tourisme / Environnement, Langues étrangères","Tourisme / Environnement, Langues étrangères","Tourisme / Environnement, Langues étrangères",terrain,D,tourisme_environnement,False,tourisme_environnement
"Mathématiques, Mécanique / Industrie, Génie civil / Architecture","Génie civil / Architecture, Mécanique / Industrie",,terrain,D,genie_civil,False,genie_civil
"Informatique / Programmation, Mathématiques",Informatique / Programmation,Informatique / Programmation,atelier,S,genie_industriel,False,genie_industriel
"Gestion / Entreprise, Mathématiques, Gestion / Entreprise",Mathématiques,,laboratoire,Technique,economie_management,False,economie_management
"Langues étrangères, Statistiques / Données, Gestion / Entreprise","Statistiques / Données, Langues étrangères",Gestion / Entreprise,bureau,D,finance_comptabilite,False,finance_comptabilite
"Biologie / Santé, Chimie, Agroalimentaire","Biologie / Santé, Agroalimentaire, Chimie",,laboratoire,Autre,agroalimentaire,False,agroalimentaire
"Physique / Electronique, Mécanique / Industrie","Physique / Electronique, Mathématiques",,atelier,Autre,genie_industriel,False,genie_industriel
"Mathématiques, Informatique / Programmation, Economie, Intelligence artificielle",Mathématiques,"Statistiques / Données, Economie",bureau,D,data_ia,False,data_ia
"Mécanique / Industrie, Chimie",Mines / Géologie,Mécanique / Industrie,terrain,D,chimie_mines,False,chimie_mines
"Chimie, Biologie / Santé, Pharmacie / Médicament","Chimie, Biologie / Santé, Pharmacie / Médicament","Biologie / Santé, Pharmacie / Médicament",contact_client,S,pharmacie_sante,False,pharmacie_sante
"Intelligence artificielle, Réseaux / Systèmes, Multimédia / Design, Multimédia / Design","Intelligence artificielle, Multimédia / Design",Multimédia / Design,bureau,C,informatique_numerique,False,informatique_numerique
"Informatique / Programmation, Intelligence artificielle, Réseaux / Systèmes, Physique / Electronique","Intelligence artificielle, Réseaux / Systèmes, Réseaux / Systèmes",Physique / Electronique,atelier,S,reseaux_electronique,False,reseaux_electronique
"Gestion / Entreprise, Gestion / Entreprise, Gestion / Entreprise, Commerce / Marketing",Communication,Communication,atelier,Autre,commerce_gestion,False,commerce_gestion
"Informatique / Programmation, Intelligence artificielle, Réseaux / Systèmes, Physique / Electronique","Physique / Electronique, Informatique / Programmation","Réseaux / Systèmes, Physique / Electronique",laboratoire,S,reseaux_electronique,False,reseaux_electronique
"Communication, Communication, Commerce / Marketing, Economie","Commerce / Marketing, Gestion / Entreprise",Langues étrangères,bureau,D,commerce_gestion,False,commerce_gestion
"Finance / Comptabilité, Mathématiques, Finance / Comptabilité, Gestion / Entreprise","Statistiques / Données, Statistiques / Données, Langues étrangères","Mathématiques, Mathématiques",bureau,D,finance_comptabilite,False,finance_comptabilite
"Droit / Juridique, Langues étrangères","Droit / Juridique, Langues étrangères",Droit / Juridique,bureau,L,droit,False,droit
"Communication, Tourisme / Environnement, Hôtellerie / Accueil, Langues étrangères","Communication, Hôtellerie / Accueil",,laboratoire,D,hotellerie_restauration,False,hotellerie_restauration
"Intelligence artificielle, Informatique / Programmation, Mathématiques, Mathématiques","Mathématiques, Mathématiques",,bureau,D,data_ia,False,data_ia
"Communication, Langues étrangères",Gestion / Entreprise,,bureau,A,commerce_gestion,False,commerce_gestion
"Gestion / Entreprise, Communication",Gestion / Entreprise,"Economie, Commerce / Marketing",bureau,A,commerce_gestion,False,commerce_gestion
"Chimie, Biologie / Santé, Pharmacie / Médicament","Chimie, Biologie / Santé, Pharmacie / Médicament","Biologie / Santé, Biologie / Santé",laboratoire,S,pharmacie_sante,True,agroalimentaire
"Biologie / Santé, Chimie","Pharmacie / Médicament, Chimie","Biologie / Santé, Biologie / Santé",laboratoire,D,pharmacie_sante,True,agroalimentaire
"Communication, Tourisme / Environnement, Hôtellerie / Accueil, Langues étrangères","Langues étrangères, Hôtellerie / Accueil, Communication","Langues étrangères, Communication",contact_client,D,hotellerie_restauration,False,hotellerie_restauration
"Mines / Géologie, Chimie, Chimie","Mécanique / Industrie, Chimie, Mathématiques",Mines / Géologie,terrain,D,chimie_mines,False,chimie_mines
"Communication, Hôtellerie / Accueil, Communication","Hôtellerie / Accueil, Hôtellerie / Accueil, Langues étrangères",Langues étrangères,terrain,D,hotellerie_restauration,False,hotellerie_restauration
"Gestion / Entreprise, Economie, Commerce / Marketing, Economie","Commerce / Marketing, Economie, Economie",,bureau,D,economie_management,False,economie_management
"Biologie / Santé, Chimie, Agroalimentaire","Agriculture / Elevage, Agroalimentaire, Agroalimentaire",,laboratoire,S,agroalimentaire,False,agroalimentaire
"Biologie / Santé, Agriculture / Elevage","Biologie / Santé, Agriculture / Elevage",,terrain,S,agriculture_elevage,False,agriculture_elevage
"Mathématiques, Statistiques / Données, Statistiques / Données, Statistiques / Données","Statistiques / Données, Intelligence artificielle, Mathématiques",,bureau,S,data_ia,True,economie_management
"Pharmacie / Médicament, Biologie / Santé",Biologie / Santé,Pharmacie / Médicament,laboratoire,S,pharmacie_sante,True,agriculture_elevage
"Mines / Géologie, Mines / Géologie, Mécanique / Industrie","Chimie, Mines / Géologie",Mathématiques,terrain,D,chimie_mines,False,chimie_mines
"Mathématiques, Mécanique / Industrie, Génie civil / Architecture",Génie civil / Architecture,Génie civil / Architecture,contact_client,S,genie_civil,False,genie_civil
"Mécanique / Industrie, Génie civil / Architecture","Mathématiques, Mécanique / Industrie, Génie civil / Architecture","Génie civil / Architecture, Mécanique / Industrie",terrain,S,genie_civil,False,genie_civil
"Hôtellerie / Accueil, Hôtellerie / Accueil","Communication, Langues étrangères",Tourisme / Environnement,contact_client,Technique,hotellerie_restauration,False,hotellerie_restauration
"Intelligence artificielle, Informatique / Programmation",Intelligence artificielle,,bureau,D,informatique_numerique,False,informatique_numerique
"Mathématiques, Mécanique / Industrie, Génie civil / Architecture",Génie civil / Architecture,"Génie civil / Architecture, Mathématiques",terrain,D,genie_civil,False,genie_civil
"Tourisme / Environnement, Langues étrangères","Tourisme / Environnement, Langues étrangères",,terrain,D,tourisme_environnement,False,tourisme_environnement
"Hôtellerie / Accueil, Communication, Langues étrangères","Langues étrangères, Tourisme / Environnement, Communication",,contact_client,Technique,hotellerie_restauration,False,hotellerie_restauration
"Tourisme / Environnement, Langues étrangères","Tourisme / Environnement, Langues étrangères",Tourisme / Environnement,terrain,D,tourisme_environnement,False,tourisme_environnement
"Physique / Electronique, Physique / Electronique, Mathématiques, Mécanique / Industrie","Mécanique / Industrie, Mathématiques, Chimie",Mines / Géologie,terrain,S,chimie_mines,False,chimie_mines
"Chimie, Biologie / Santé, Agriculture / Elevage, Agroalimentaire","Agroalimentaire, Agriculture / Elevage","Agroalimentaire, Agroalimentaire",laboratoire,S,agroalimentaire,False,agroalimentaire
"Biologie / Santé, Agriculture / Elevage","Biologie / Santé, Agriculture / Elevage",,terrain,D,agriculture_elevage,False,agriculture_elevage
"Intelligence artificielle, Gestion / Entreprise, Intelligence artificielle, Gestion / Entreprise",Multimédia / Design,"Multimédia / Design, Réseaux / Systèmes",bureau,S,informatique_numerique,False,informatique_numerique
"Biologie / Santé, Biologie / Santé","Chimie, Pharmacie / Médicament",Biologie / Santé,terrain,S,pharmacie_sante,False,pharmacie_sante
"Droit / Juridique, Langues étrangères","Droit / Juridique, Langues étrangères","Droit / Juridique, Langues étrangères",contact_client,A,droit,False,droit
"Biologie / Santé, Agriculture / Elevage","Biologie / Santé, Agriculture / Elevage",Biologie / Santé,terrain,S,agriculture_elevage,False,agriculture_elevage
"Mathématiques, Mécanique / Industrie, Génie civil / Architecture","Génie civil / Architecture, Mathématiques","Mathématiques, Génie civil / Architecture",terrain,D,genie_civil,False,genie_civil
"Economie, Statistiques / Données","Statistiques / Données, Statistiques / Données, Mathématiques",,bureau,S,data_ia,False,data_ia
"Chimie, Biologie / Santé, Agriculture / Elevage, Agroalimentaire","Biologie / Santé, Agroalimentaire",Agriculture / Elevage,laboratoire,D,agroalimentaire,False,agroalimentaire
"Statistiques / Données, Finance / Comptabilité, Mathématiques",Mathématiques,,bureau,D,finance_comptabilite,False,finance_comptabilite
"Gestion / Entreprise, Mathématiques","Economie, Gestion / Entreprise",,atelier,D,economie_management,False,economie_management
"Statistiques / Données, Mathématiques","Finance / Comptabilité, Gestion / Entreprise",Statistiques / Données,bureau,D,finance_comptabilite,False,finance_comptabilite
"Informatique / Programmation, Multimédia / Design, Mathématiques","Intelligence artificielle, Communication, Réseaux / Systèmes",,bureau,D,informatique_numerique,False,informatique_numerique
"Biologie / Santé, Agroalimentaire, Biologie / Santé","Biologie / Santé, Chimie",,laboratoire,S,agroalimentaire,False,agroalimentaire
"Mathématiques, Mécanique / Industrie, Génie civil / Architecture","Mathématiques, Génie civil / Architecture",Génie civil / Architecture,terrain,S,genie_civil,True,finance_comptabilite
"Mines / Géologie, Mines / Géologie",Chimie,Chimie,bureau,S,chimie_mines,False,chimie_mines
"Droit / Juridique, Langues étrangères","Droit / Juridique, Langues étrangères","Droit / Juridique, Langues étrangères",bureau,A,droit,False,droit
"Statistiques / Données, Intelligence artificielle, Mathématiques, Informatique / Programmation",Intelligence artificielle,,bureau,S,data_ia,False,data_ia
"Economie, Informatique / Programmation, Statistiques / Données","Mathématiques, Mathématiques, Informatique / Programmation",Mathématiques,bureau,S,data_ia,False,data_ia
"Gestion / Entreprise, Communication, Commerce / Marketing, Gestion / Entreprise",Finance / Comptabilité,Communication,bureau,A,commerce_gestion,False,commerce_gestion
"Informatique / Programmation, Intelligence artificielle, Réseaux / Systèmes, Physique / Electronique","Intelligence artificielle, Intelligence artificielle, Réseaux / Systèmes",,atelier,D,reseaux_electronique,False,reseaux_electronique
"Biologie / Santé, Agriculture / Elevage","Biologie / Santé, Agriculture / Elevage",,atelier,Autre,agriculture_elevage,False,agriculture_elevage
"Mathématiques, Mécanique / Industrie, Génie civil / Architecture","Mathématiques, Mécanique / Industrie, Génie civil / Architecture",,terrain,S,genie_civil,False,genie_civil
"Tourisme / Environnement, Langues étrangères","Tourisme / Environnement, Langues étrangères",Langues étrangères,terrain,Autre,tourisme_environnement,False,tourisme_environnement
"Tourisme / Environnement, Langues étrangères","Tourisme / Environnement, Langues étrangères",,terrain,D,tourisme_environnement,False,tourisme_environnement
"Chimie, Mines / Géologie",Mathématiques,,terrain,Autre,chimie_mines,False,chimie_mines
"Tourisme / Environnement, Langues étrangères",Langues étrangères,Langues étrangères,terrain,D,tourisme_environnement,False,tourisme_environnement
"Biologie / Santé, Agriculture / Elevage",Agriculture / Elevage,Agriculture / Elevage,terrain,D,agriculture_elevage,False,agriculture_elevage
"Gestion / Entreprise, Langues étrangères","Langues étrangères, Langues étrangères, Statistiques / Données","Finance / Comptabilité, Mathématiques",bureau,Autre,finance_comptabilite,False,finance_comptabilite
"Informatique / Programmation, Intelligence artificielle, Réseaux / Systèmes, Physique / Electronique",Informatique / Programmation,Informatique / Programmation,atelier,C,reseaux_electronique,False,reseaux_electronique
"Gestion / Entreprise, Statistiques / Données","Finance / Comptabilité, Mathématiques, Statistiques / Données",Mathématiques,bureau,D,finance_comptabilite,False,finance_comptabilite
"Tourisme / Environnement, Langues étrangères","Tourisme / Environnement, Langues étrangères",Tourisme / Environnement,terrain,A,tourisme_environnement,False,tourisme_environnement
"Mathématiques, Mécanique / Industrie, Génie civil / Architecture","Mécanique / Industrie, Génie civil / Architecture","Mécanique / Industrie, Génie civil / Architecture",bureau,D,genie_civil,True,informatique_numerique
"Informatique / Programmation, Intelligence artificielle, Réseaux / Systèmes, Physique / Electronique",Physique / Electronique,"Informatique / Programmation, Informatique / Programmation",atelier,S,reseaux_electronique,False,reseaux_electronique
"Biologie / Santé, Agriculture / Elevage","Biologie / Santé, Agriculture / Elevage",,terrain,D,agriculture_elevage,False,agriculture_elevage
"Chimie, Biologie / Santé, Pharmacie / Médicament","Chimie, Biologie / Santé, Pharmacie / Médicament",,laboratoire,Autre,pharmacie_sante,False,pharmacie_sante
"Communication, Tourisme / Environnement, Hôtellerie / Accueil, Langues étrangères",Hôtellerie / Accueil,,bureau,D,hotellerie_restauration,False,hotellerie_restauration
"Chimie, Biologie / Santé, Agriculture / Elevage, Agroalimentaire",Chimie,,laboratoire,D,agroalimentaire,False,agroalimentaire
"Réseaux / Systèmes, Statistiques / Données, Intelligence artificielle","Mathématiques, Multimédia / Design, Réseaux / Systèmes","Réseaux / Systèmes, Multimédia / Design",bureau,C,informatique_numerique,False,informatique_numerique
"Génie civil / Architecture, Mécanique / Industrie",Génie civil / Architecture,,laboratoire,S,genie_civil,False,genie_civil
"Mathématiques, Physique / Electronique",Mines / Géologie,"Mines / Géologie, Chimie",terrain,Autre,chimie_mines,False,chimie_mines
"Biologie / Santé, Agriculture / Elevage","Biologie / Santé, Agriculture / Elevage",,terrain,S,agriculture_elevage,False,agriculture_elevage
"Langues étrangères, Finance / Comptabilité, Commerce / Marketing","Economie, Economie","Communication, Gestion / Entreprise",atelier,L,commerce_gestion,False,commerce_gestion
"Communication, Tourisme / Environnement, Hôtellerie / Accueil, Langues étrangères","Communication, Tourisme / Environnement",Hôtellerie / Accueil,contact_client,Autre,hotellerie_restauration,False,hotellerie_restauration
"Intelligence artificielle, Informatique / Programmation, Mathématiques, Communication","Informatique / Programmation, Communication, Informatique / Programmation",,bureau,D,informatique_numerique,False,informatique_numerique
"Biologie / Santé, Agriculture / Elevage","Biologie / Santé, Agriculture / Elevage","Biologie / Santé, Agriculture / Elevage",terrain,S,agriculture_elevage,False,agriculture_elevage
"Droit / Juridique, Langues étrangères","Droit / Juridique, Langues étrangères",Droit / Juridique,terrain,D,droit,True,finance_comptabilite
"Réseaux / Systèmes, Réseaux / Systèmes, Réseaux / Systèmes",Réseaux / Systèmes,Informatique / Programmation,atelier,S,reseaux_electronique,False,reseaux_electronique
"Mathématiques, Génie civil / Architecture","Mathématiques, Génie civil / Architecture","Génie civil / Architecture, Mathématiques",terrain,S,genie_civil,False,genie_civil
"Mécanique / Industrie, Mines / Géologie, Mathématiques","Mathématiques, Mines / Géologie","Mines / Géologie, Physique / Electronique",terrain,Autre,chimie_mines,False,chimie_mines
"Biologie / Santé, Agriculture / Elevage",Agriculture / Elevage,,bureau,S,agriculture_elevage,False,agriculture_elevage
"Informatique / Programmation, Intelligence artificielle, Economie, Informatique / Programmation","Informatique / Programmation, Intelligence artificielle",Intelligence artificielle,bureau,S,data_ia,False,data_ia
"Statistiques / Données, Mathématiques, Statistiques / Données, Informatique / Programmation","Economie, Intelligence artificielle, Economie","Statistiques / Données, Mathématiques",bureau,D,data_ia,False,data_ia
"Mathématiques, Langues étrangères, Finance / Comptabilité, Finance / Comptabilité","Statistiques / Données, Finance / Comptabilité",Finance / Comptabilité,bureau,D,finance_comptabilite,False,finance_comptabilite
"Droit / Juridique, Langues étrangères",Droit / Juridique,"Droit / Juridique, Langues étrangères",bureau,A,droit,False,droit
"Gestion / Entreprise, Gestion / Entreprise",Commerce / Marketing,Commerce / Marketing,bureau,A,commerce_gestion,False,commerce_gestion
"Tourisme / Environnement, Langues étrangères","Tourisme / Environnement, Langues étrangères",Tourisme / Environnement,terrain,A,tourisme_environnement,False,tourisme_environnement
"Intelligence artificielle, Intelligence artificielle","Intelligence artificielle, Economie",,bureau,D,data_ia,False,data_ia
"Biologie / Santé, Agroalimentaire","Biologie / Santé, Biologie / Santé, Biologie / Santé",Agriculture / Elevage,contact_client,S,agroalimentaire,False,agroalimentaire
"Physique / Electronique, Chimie, Mines / Géologie, Mathématiques",Mines / Géologie,"Mines / Géologie, Mathématiques",terrain,C,chimie_mines,False,chimie_mines
"Tourisme / Environnement, Langues étrangères",Tourisme / Environnement,Tourisme / Environnement,laboratoire,Technique,tourisme_environnement,False,tourisme_environnement
"Mécanique / Industrie, Mines / Géologie",Mines / Géologie,"Mathématiques, Mécanique / Industrie",terrain,S,chimie_mines,False,chimie_mines
"Informatique / Programmation, Statistiques / Données, Informatique / Programmation",Economie,Intelligence artificielle,bureau,S,data_ia,False,data_ia
"Commerce / Marketing, Finance / Comptabilité, Commerce / Marketing, Economie",Commerce / Marketing,"Gestion / Entreprise, Gestion / Entreprise",bureau,A,commerce_gestion,False,commerce_gestion
"Tourisme / Environnement, Langues étrangères",Tourisme / Environnement,,terrain,Technique,tourisme_environnement,False,tourisme_environnement
"Informatique / Programmation, Intelligence artificielle, Réseaux / Systèmes, Physique / Electronique","Réseaux / Systèmes, Informatique / Programmation","Informatique / Programmation, Réseaux / Systèmes",atelier,C,reseaux_electronique,False,reseaux_electronique
"Agroalimentaire, Agroalimentaire",Biologie / Santé,,laboratoire,S,agroalimentaire,False,agroalimentaire
"Droit / Juridique, Langues étrangères","Droit / Juridique, Langues étrangères",Droit / Juridique,bureau,D,droit,False,droit
"Mathématiques, Mécanique / Industrie, Génie civil / Architecture",Mathématiques,Mécanique / Industrie,atelier,S,genie_civil,False,genie_civil
"Mathématiques, Mécanique / Industrie, Génie civil / Architecture",Génie civil / Architecture,,terrain,Autre,genie_civil,False,genie_civil
"Biologie / Santé, Agriculture / Elevage","Biologie / Santé, Agriculture / Elevage",Biologie / Santé,terrain,S,agriculture_elevage,False,agriculture_elevage
"Réseaux / Systèmes, Réseaux / Systèmes","Informatique / Programmation, Physique / Electronique, Réseaux / Systèmes",Physique / Electronique,atelier,Autre,reseaux_electronique,False,reseaux_electronique
"Langues étrangères, Gestion / Entreprise, Statistiques / Données","Gestion / Entreprise, Finance / Comptabilité, Statistiques / Données",,bureau,D,finance_comptabilite,False,finance_comptabilite
"Gestion / Entreprise, Langues étrangères, Langues étrangères, Mathématiques","Gestion / Entreprise, Economie, Mathématiques",,bureau,Technique,economie_management,False,economie_management
"Tourisme / Environnement, Langues étrangères","Tourisme / Environnement, Langues étrangères",,terrain,A,tourisme_environnement,False,tourisme_environnement
"Gestion / Entreprise, Langues étrangères",Commerce / Marketing,"Finance / Comptabilité, Communication",bureau,A,commerce_gestion,False,commerce_gestion
"Biologie / Santé, Agriculture / Elevage","Biologie / Santé, Agriculture / Elevage",Agriculture / Elevage,terrain,S,agriculture_elevage,False,agriculture_elevage
"Droit / Juridique, Langues étrangères",Droit / Juridique,Droit / Juridique,bureau,Technique,droit,False,droit
"Chimie, Biologie / Santé, Pharmacie / Médicament","Chimie, Biologie / Santé, Pharmacie / Médicament",Pharmacie / Médicament,laboratoire,S,pharmacie_sante,False,pharmacie_sante
"Chimie, Biologie / Santé, Pharmacie / Médicament","Chimie, Biologie / Santé, Pharmacie / Médicament","Pharmacie / Médicament, Chimie",terrain,D,pharmacie_sante,False,pharmacie_sante
"Mathématiques, Mécanique / Industrie, Génie civil / Architecture",Génie civil / Architecture,"Mathématiques, Génie civil / Architecture",terrain,S,genie_civil,False,genie_civil
"Informatique / Programmation, Intelligence artificielle, Réseaux / Systèmes, Physique / Electronique","Physique / Electronique, Physique / Electronique","Intelligence artificielle, Réseaux / Systèmes",atelier,C,reseaux_electronique,False,reseaux_electronique
"Communication, Tourisme / Environnement, Hôtellerie / Accueil, Langues étrangères","Tourisme / Environnement, Langues étrangères, Hôtellerie / Accueil",Hôtellerie / Accueil,contact_client,D,hotellerie_restauration,False,hotellerie_restauration
"Economie, Gestion / Entreprise, Gestion / Entreprise","Mathématiques, Mathématiques",Gestion / Entreprise,bureau,D,economie_management,False,economie_management
"Commerce / Marketing, Statistiques / Données","Gestion / Entreprise, Commerce / Marketing",,bureau,D,economie_management,False,economie_management
"Physique / Electronique, Physique / Electronique","Informatique / Programmation, Mécanique / Industrie, Mathématiques",Mécanique / Industrie,atelier,S,genie_industriel,False,genie_industriel
"Mathématiques, Mécanique / Industrie, Génie civil / Architecture","Mathématiques, Génie civil / Architecture",Mathématiques,terrain,S,genie_civil,True,chimie_mines
"Biologie / Santé, Agriculture / Elevage","Biologie / Santé, Agriculture / Elevage",Agriculture / Elevage,terrain,Autre,agriculture_elevage,True,pharmacie_sante
"Tourisme / Environnement, Langues étrangères, Hôtellerie / Accueil","Hôtellerie / Accueil, Hôtellerie / Accueil","Communication, Hôtellerie / Accueil",contact_client,D,hotellerie_restauration,False,hotellerie_restauration
"Chimie, Chimie, Mathématiques, Mathématiques","Mécanique / Industrie, Mines / Géologie",Mines / Géologie,terrain,S,chimie_mines,False,chimie_mines
"Agroalimentaire, Agriculture / Elevage, Agroalimentaire","Biologie / Santé, Agroalimentaire",Agriculture / Elevage,laboratoire,D,agroalimentaire,False,agroalimentaire
"Statistiques / Données, Mathématiques, Réseaux / Systèmes","Multimédia / Design, Intelligence artificielle",,bureau,D,informatique_numerique,False,informatique_numerique
"Mathématiques, Mécanique / Industrie, Génie civil / Architecture","Génie civil / Architecture, Mathématiques",,bureau,D,genie_civil,False,genie_civil
"Intelligence artificielle, Informatique / Programmation","Informatique / Programmation, Mathématiques, Statistiques / Données",,bureau,S,data_ia,False,data_ia
"Informatique / Programmation, Informatique / Programmation, Physique / Electronique","Physique / Electronique, Réseaux / Systèmes",,atelier,S,reseaux_electronique,False,reseaux_electronique
"Biologie / Santé, Agriculture / Elevage","Biologie / Santé, Agriculture / Elevage","Biologie / Santé, Agriculture / Elevage",terrain,S,agriculture_elevage,False,agriculture_elevage
"Mathématiques, Mines / Géologie",Mathématiques,,terrain,C,chimie_mines,False,chimie_mines
"Biologie / Santé, Biologie / Santé","Biologie / Santé, Biologie / Santé",,laboratoire,S,pharmacie_sante,False,pharmacie_sante
"Mines / Géologie, Chimie, Mines / Géologie, Chimie",Mécanique / Industrie,"Mines / Géologie, Chimie",terrain,D,chimie_mines,False,chimie_mines
"Informatique / Programmation, Mathématiques","Economie, Informatique / Programmation",,bureau,S,data_ia,False,data_ia
"Communication, Tourisme / Environnement, Hôtellerie / Accueil, Langues étrangères","Tourisme / Environnement, Langues étrangères",,contact_client,L,hotellerie_restauration,False,hotellerie_restauration
"Mines / Géologie, Chimie",Mathématiques,"Mathématiques, Mines / Géologie",terrain,S,chimie_mines,False,chimie_mines
"Informatique / Programmation, Intelligence artificielle, Réseaux / Systèmes, Physique / Electronique","Informatique / Programmation, Informatique / Programmation, Réseaux / Systèmes",,atelier,S,reseaux_electronique,False,reseaux_electronique
"Biologie / Santé, Pharmacie / Médicament","Chimie, Biologie / Santé, Pharmacie / Médicament","Biologie / Santé, Chimie",laboratoire,C,pharmacie_sante,False,pharmacie_sante
"Finance / Comptabilité, Mathématiques",Langues étrangères,Finance / Comptabilité,bureau,L,finance_comptabilite,False,finance_comptabilite
"Intelligence artificielle, Mathématiques, Mathématiques, Intelligence artificielle","Mathématiques, Statistiques / Données","Economie, Informatique / Programmation",laboratoire,S,data_ia,False,data_ia
"Intelligence artificielle, Informatique / Programmation",Informatique / Programmation,,atelier,D,reseaux_electronique,False,reseaux_electronique
"Statistiques / Données, Mathématiques, Finance / Comptabilité, Gestion / Entreprise","Gestion / Entreprise, Finance / Comptabilité, Finance / Comptabilité","Gestion / Entreprise, Mathématiques",bureau,Autre,finance_comptabilite,False,finance_comptabilite
"Chimie, Biologie / Santé, Agriculture / Elevage, Agroalimentaire",Chimie,Agroalimentaire,laboratoire,S,agroalimentaire,False,agroalimentaire
"Gestion / Entreprise, Commerce / Marketing","Economie, Gestion / Entreprise, Economie",,bureau,D,economie_management,False,economie_management
"Biologie / Santé, Agriculture / Elevage","Biologie / Santé, Agriculture / Elevage","Biologie / Santé, Agriculture / Elevage",terrain,D,agriculture_elevage,False,agriculture_elevage
"Multimédia / Design, Informatique / Programmation","Informatique / Programmation, Gestion / Entreprise","Mathématiques, Gestion / Entreprise",terrain,Autre,informatique_numerique,True,reseaux_electronique
"Intelligence artificielle, Multimédia / Design, Informatique / Programmation, Intelligence artificielle","Multimédia / Design, Statistiques / Données","Multimédia / Design, Intelligence artificielle",atelier,D,informatique_numerique,False,informatique_numerique
"Tourisme / Environnement, Langues étrangères","Tourisme / Environnement, Langues étrangères",,laboratoire,Autre,tourisme_environnement,False,tourisme_environnement
"Mathématiques, Gestion / Entreprise, Langues étrangères","Langues étrangères, Gestion / Entreprise","Gestion / Entreprise, Economie",bureau,Autre,economie_management,False,economie_management
"Mécanique / Industrie, Mathématiques","Mines / Géologie, Mines / Géologie, Physique / Electronique",,atelier,S,chimie_mines,False,chimie_mines
"Communication, Tourisme / Environnement, Hôtellerie / Accueil, Langues étrangères",Langues étrangères,,contact_client,A,hotellerie_restauration,False,hotellerie_restauration
"Mécanique / Industrie, Mines / Géologie","Physique / Electronique, Mines / Géologie",,terrain,S,chimie_mines,False,chimie_mines
"Physique / Electronique, Mathématiques, Chimie","Physique / Electronique, Mécanique / Industrie","Chimie, Mines / Géologie",terrain,C,chimie_mines,False,chimie_mines
"Langues étrangères, Langues étrangères","Langues étrangères, Langues étrangères","Communication, Tourisme / Environnement",contact_client,D,hotellerie_restauration,False,hotellerie_restauration
"Chimie, Biologie / Santé, Pharmacie / Médicament",Chimie,"Biologie / Santé, Chimie",laboratoire,Autre,pharmacie_sante,False,pharmacie_sante
"Réseaux / Systèmes, Informatique / Programmation, Informatique / Programmation, Communication","Réseaux / Systèmes, Informatique / Programmation, Réseaux / Systèmes","Communication, Réseaux / Systèmes",bureau,S,informatique_numerique,False,informatique_numerique
"Chimie, Biologie / Santé, Pharmacie / Médicament","Biologie / Santé, Biologie / Santé","Biologie / Santé, Biologie / Santé",laboratoire,D,pharmacie_sante,False,pharmacie_sante
"Droit / Juridique, Langues étrangères","Droit / Juridique, Langues étrangères","Droit / Juridique, Langues étrangères",bureau,A,droit,False,droit
"Mathématiques, Mécanique / Industrie, Génie civil / Architecture",Génie civil / Architecture,Mathématiques,terrain,S,genie_civil,False,genie_civil
"Informatique / Programmation, Mathématiques, Physique / Electronique, Mécanique / Industrie","Mécanique / Industrie, Mathématiques",Mécanique / Industrie,atelier,D,genie_industriel,False,genie_industriel
"Informatique / Programmation, Mécanique / Industrie","Physique / Electronique, Physique / Electronique, Physique / Electronique","Physique / Electronique, Mathématiques",atelier,S,genie_industriel,False,genie_industriel
"Informatique / Programmation, Statistiques / Données","Informatique / Programmation, Economie",,contact_client,S,data_ia,False,data_ia
"Chimie, Biologie / Santé, Pharmacie / Médicament","Chimie, Biologie / Santé, Pharmacie / Médicament",,laboratoire,C,pharmacie_sante,False,pharmacie_sante
"Informatique / Programmation, Intelligence artificielle, Réseaux / Systèmes, Physique / Electronique",Physique / Electronique,"Physique / Electronique, Intelligence artificielle",atelier,S,reseaux_electronique,False,reseaux_electronique
"Commerce / Marketing, Gestion / Entreprise, Gestion / Entreprise",Commerce / Marketing,,bureau,D,commerce_gestion,False,commerce_gestion
"Mathématiques, Finance / Comptabilité",Langues étrangères,Langues étrangères,bureau,D,finance_comptabilite,True,chimie_mines
"Informatique / Programmation, Informatique / Programmation","Intelligence artificielle, Mathématiques",Statistiques / Données,bureau,S,data_ia,False,data_ia
"Chimie, Pharmacie / Médicament",Chimie,Chimie,laboratoire,D,pharmacie_sante,False,pharmacie_sante
"Mathématiques, Mécanique / Industrie, Génie civil / Architecture","Mathématiques, Mécanique / Industrie, Génie civil / Architecture",,contact_client,D,genie_civil,False,genie_civil
"Mines / Géologie, Mécanique / Industrie, Mécanique / Industrie, Mécanique / Industrie","Chimie, Mines / Géologie","Chimie, Mines / Géologie",terrain,S,chimie_mines,False,chimie_mines
"Communication, Economie, Langues étrangères","Langues étrangères, Communication",,bureau,D,commerce_gestion,False,commerce_gestion
"Tourisme / Environnement, Langues étrangères","Hôtellerie / Accueil, Langues étrangères, Hôtellerie / Accueil","Communication, Langues étrangères",contact_client,A,hotellerie_restauration,False,hotellerie_restauration
"Physique / Electronique, Informatique / Programmation",Physique / Electronique,,atelier,S,reseaux_electronique,False,reseaux_electronique
"Droit / Juridique, Langues étrangères","Droit / Juridique, Langues étrangères",Langues étrangères,bureau,D,droit,False,droit
"Tourisme / Environnement, Langues étrangères",Tourisme / Environnement,Tourisme / Environnement,terrain,Autre,tourisme_environnement,False,tourisme_environnement
"Hôtellerie / Accueil, Langues étrangères, Tourisme / Environnement",Hôtellerie / Accueil,Langues étrangères,contact_client,Technique,hotellerie_restauration,False,hotellerie_restauration
"Informatique / Programmation, Mathématiques, Physique / Electronique, Mécanique / Industrie",Physique / Electronique,Mécanique / Industrie,laboratoire,C,genie_industriel,False,genie_industriel
"Mécanique / Industrie, Mathématiques, Mécanique / Industrie",Mécanique / Industrie,Mécanique / Industrie,terrain,D,chimie_mines,False,chimie_mines
"Statistiques / Données, Finance / Comptabilité, Gestion / Entreprise, Mathématiques","Mathématiques, Statistiques / Données, Gestion / Entreprise",,laboratoire,A,finance_comptabilite,False,finance_comptabilite
"Génie civil / Architecture, Génie civil / Architecture","Mathématiques, Mécanique / Industrie, Génie civil / Architecture",Génie civil / Architecture,terrain,C,genie_civil,False,genie_civil
"Statistiques / Données, Intelligence artificielle, Informatique / Programmation","Mathématiques, Statistiques / Données",,bureau,S,data_ia,False,data_ia
"Gestion / Entreprise, Communication",Commerce / Marketing,Langues étrangères,bureau,L,commerce_gestion,False,commerce_gestion
"Biologie / Santé, Agriculture / Elevage",Agriculture / Elevage,"Biologie / Santé, Agriculture / Elevage",terrain,Autre,agriculture_elevage,False,agriculture_elevage
"Chimie, Biologie / Santé, Agriculture / Elevage, Agroalimentaire","Agriculture / Elevage, Chimie, Agroalimentaire",Agroalimentaire,laboratoire,S,agroalimentaire,False,agroalimentaire
"Statistiques / Données, Mathématiques",Statistiques / Données,"Statistiques / Données, Finance / Comptabilité",bureau,D,finance_comptabilite,False,finance_comptabilite
"Droit / Juridique, Langues étrangères","Droit / Juridique, Langues étrangères",Droit / Juridique,bureau,D,droit,False,droit
"Chimie, Agroalimentaire","Biologie / Santé, Agriculture / Elevage","Agroalimentaire, Agriculture / Elevage",laboratoire,D,agroalimentaire,False,agroalimentaire
"Mathématiques, Economie, Statistiques / Données, Informatique / Programmation","Informatique / Programmation, Intelligence artificielle, Intelligence artificielle",Intelligence artificielle,atelier,C,data_ia,False,data_ia
"Physique / Electronique, Mécanique / Industrie",Physique / Electronique,"Informatique / Programmation, Mécanique / Industrie",atelier,C,genie_industriel,False,genie_industriel
"Mathématiques, Mécanique / Industrie","Mathématiques, Mécanique / Industrie, Génie civil / Architecture",Mathématiques,atelier,Autre,genie_civil,True,finance_comptabilite
"Tourisme / Environnement, Langues étrangères","Tourisme / Environnement, Langues étrangères",,terrain,A,tourisme_environnement,False,tourisme_environnement
"Tourisme / Environnement, Tourisme / Environnement","Communication, Tourisme / Environnement, Hôtellerie / Accueil","Hôtellerie / Accueil, Langues étrangères",terrain,Autre,hotellerie_restauration,False,hotellerie_restauration
"Mathématiques, Mécanique / Industrie, Génie civil / Architecture",Mécanique / Industrie,"Génie civil / Architecture, Génie civil / Architecture",terrain,D,genie_civil,False,genie_civil
"Droit / Juridique, Langues étrangères",Droit / Juridique,Droit / Juridique,bureau,Technique,droit,False,droit
"Mathématiques, Economie, Statistiques / Données, Langues étrangères",Langues étrangères,Statistiques / Données,bureau,D,economie_management,False,economie_management
"Informatique / Programmation, Intelligence artificielle, Réseaux / Systèmes, Physique / Electronique","Physique / Electronique, Intelligence artificielle, Informatique / Programmation",,atelier,D,reseaux_electronique,False,reseaux_electronique
"Mathématiques, Physique / Electronique","Mines / Géologie, Mathématiques, Chimie","Mines / Géologie, Mathématiques",terrain,S,chimie_mines,False,chimie_mines
"Economie, Economie, Economie, Economie","Mathématiques, Commerce / Marketing",,bureau,D,economie_management,False,economie_management
"Intelligence artificielle, Intelligence artificielle",Statistiques / Données,Statistiques / Données,bureau,D,data_ia,False,data_ia
"Agroalimentaire, Chimie, Biologie / Santé","Biologie / Santé, Agriculture / Elevage",,laboratoire,C,agroalimentaire,False,agroalimentaire
"Statistiques / Données, Intelligence artificielle, Informatique / Programmation","Informatique / Programmation, Informatique / Programmation","Statistiques / Données, Statistiques / Données",laboratoire,D,data_ia,False,data_ia
"Communication, Commerce / Marketing, Communication","Economie, Gestion / Entreprise",Gestion / Entreprise,laboratoire,Technique,commerce_gestion,False,commerce_gestion
"Mathématiques, Physique / Electronique","Mathématiques, Informatique / Programmation, Mécanique / Industrie",,atelier,D,genie_industriel,False,genie_industriel
"Commerce / Marketing, Economie, Economie, Mathématiques","Economie, Langues étrangères, Economie","Statistiques / Données, Mathématiques",bureau,A,economie_management,False,economie_management
"Biologie / Santé, Agriculture / Elevage",Agriculture / Elevage,Agriculture / Elevage,terrain,S,agriculture_elevage,False,agriculture_elevage
"Communication, Communication, Gestion / Entreprise, Commerce / Marketing","Communication, Commerce / Marketing, Gestion / Entreprise","Finance / Comptabilité, Gestion / Entreprise",bureau,L,commerce_gestion,False,commerce_gestion
"Biologie / Santé, Chimie, Agriculture / Elevage","Agroalimentaire, Agroalimentaire, Agriculture / Elevage","Agriculture / Elevage, Agriculture / Elevage",laboratoire,D,agroalimentaire,False,agroalimentaire
"Commerce / Marketing, Communication","Gestion / Entreprise, Commerce / Marketing","Commerce / Marketing, Langues étrangères",bureau,D,commerce_gestion,False,commerce_gestion
"Tourisme / Environnement, Langues étrangères",Tourisme / Environnement,"Tourisme / Environnement, Langues étrangères",terrain,A,tourisme_environnement,False,tourisme_environnement
"Tourisme / Environnement, Langues étrangères",Tourisme / Environnement,Tourisme / Environnement,terrain,Autre,tourisme_environnement,False,tourisme_environnement
"Tourisme / Environnement, Langues étrangères",Tourisme / Environnement,Tourisme / Environnement,terrain,L,tourisme_environnement,False,tourisme_environnement
"Informatique / Programmation, Mathématiques, Physique / Electronique, Mécanique / Industrie",Physique / Electronique,"Mathématiques, Physique / Electronique",atelier,D,genie_industriel,False,genie_industriel
"Informatique / Programmation, Réseaux / Systèmes, Intelligence artificielle",Physique / Electronique,"Physique / Electronique, Physique / Electronique",bureau,D,reseaux_electronique,False,reseaux_electronique
"Biologie / Santé, Agriculture / Elevage","Biologie / Santé, Agriculture / Elevage",,terrain,Autre,agriculture_elevage,False,agriculture_elevage
"Chimie, Biologie / Santé, Agriculture / Elevage, Agroalimentaire","Biologie / Santé, Biologie / Santé, Chimie",,laboratoire,D,agroalimentaire,False,agroalimentaire
"Mathématiques, Mécanique / Industrie, Génie civil / Architecture","Mathématiques, Mathématiques",,terrain,S,genie_civil,False,genie_civil
"Biologie / Santé, Biologie / Santé","Biologie / Santé, Biologie / Santé","Biologie / Santé, Pharmacie / Médicament",contact_client,S,pharmacie_sante,True,agroalimentaire
"Biologie / Santé, Agriculture / Elevage","Biologie / Santé, Agriculture / Elevage",,terrain,S,agriculture_elevage,False,agriculture_elevage
"Gestion / Entreprise, Finance / Comptabilité, Finance / Comptabilité","Gestion / Entreprise, Communication",,bureau,A,commerce_gestion,False,commerce_gestion
"Mathématiques, Mécanique / Industrie, Génie civil / Architecture",Génie civil / Architecture,,atelier,S,genie_civil,False,genie_civil
"Mathématiques, Mécanique / Industrie, Génie civil / Architecture","Mathématiques, Mécanique / Industrie","Génie civil / Architecture, Mathématiques",terrain,S,genie_civil,False,genie_civil
"Tourisme / Environnement, Langues étrangères","Tourisme / Environnement, Langues étrangères","Tourisme / Environnement, Langues étrangères",terrain,L,tourisme_environnement,False,tourisme_environnement
"Physique / Electronique, Physique / Electronique, Informatique / Programmation",Réseaux / Systèmes,,laboratoire,S,reseaux_electronique,False,reseaux_electronique
"Chimie, Biologie / Santé, Pharmacie / Médicament",Biologie / Santé,Pharmacie / Médicament,laboratoire,S,pharmacie_sante,False,pharmacie_sante
"Biologie / Santé, Pharmacie / Médicament","Chimie, Biologie / Santé, Pharmacie / Médicament",Pharmacie / Médicament,laboratoire,S,pharmacie_sante,False,pharmacie_sante
"Informatique / Programmation, Intelligence artificielle, Intelligence artificielle",Mathématiques,"Economie, Intelligence artificielle",bureau,S,data_ia,False,data_ia
"Economie, Economie","Langues étrangères, Mathématiques",Gestion / Entreprise,bureau,Technique,economie_management,False,economie_management
"Informatique / Programmation, Intelligence artificielle, Réseaux / Systèmes, Physique / Electronique",Intelligence artificielle,,atelier,S,reseaux_electronique,False,reseaux_electronique
"Tourisme / Environnement, Langues étrangères","Tourisme / Environnement, Langues étrangères",,terrain,A,tourisme_environnement,False,tourisme_environnement
"Tourisme / Environnement, Langues étrangères",Tourisme / Environnement,"Tourisme / Environnement, Langues étrangères",terrain,L,tourisme_environnement,False,tourisme_environnement
"Chimie, Agroalimentaire","Agroalimentaire, Agroalimentaire","Biologie / Santé, Agroalimentaire",laboratoire,Autre,agroalimentaire,True,pharmacie_sante
"Droit / Juridique, Langues étrangères","Droit / Juridique, Langues étrangères",Droit / Juridique,laboratoire,L,droit,False,droit
"Droit / Juridique, Langues étrangères",Langues étrangères,"Droit / Juridique, Langues étrangères",bureau,A,droit,False,droit
"Biologie / Santé, Agriculture / Elevage","Biologie / Santé, Agriculture / Elevage",,terrain,C,agriculture_elevage,False,agriculture_elevage
"Mathématiques, Gestion / Entreprise, Finance / Comptabilité, Finance / Comptabilité","Mathématiques, Finance / Comptabilité, Mathématiques",,bureau,Technique,finance_comptabilite,False,finance_comptabilite
"Chimie, Biologie / Santé, Pharmacie / Médicament","Biologie / Santé, Pharmacie / Médicament","Pharmacie / Médicament, Biologie / Santé",laboratoire,Autre,pharmacie_sante,False,pharmacie_sante
"Tourisme / Environnement, Langues étrangères",Tourisme / Environnement,"Tourisme / Environnement, Langues étrangères",terrain,D,tourisme_environnement,False,tourisme_environnement
"Gestion / Entreprise, Finance / Comptabilité, Statistiques / Données, Finance / Comptabilité",Finance / Comptabilité,Finance / Comptabilité,bureau,Autre,finance_comptabilite,False,finance_comptabilite
"Mathématiques, Mécanique / Industrie, Génie civil / Architecture","Mathématiques, Mathématiques",Mathématiques,terrain,C,genie_civil,True,data_ia
"Hôtellerie / Accueil, Langues étrangères",Langues étrangères,"Tourisme / Environnement, Langues étrangères",contact_client,Technique,hotellerie_restauration,False,hotellerie_restauration
"Mathématiques, Intelligence artificielle","Mathématiques, Statistiques / Données, Intelligence artificielle",Informatique / Programmation,bureau,S,data_ia,False,data_ia
"Mathématiques, Mécanique / Industrie, Génie civil / Architecture","Mathématiques, Mécanique / Industrie, Génie civil / Architecture",Mathématiques,terrain,D,genie_civil,False,genie_civil
"Economie, Intelligence artificielle","Informatique / Programmation, Statistiques / Données",Statistiques / Données,contact_client,D,data_ia,False,data_ia
"Physique / Electronique, Mécanique / Industrie, Chimie",Mines / Géologie,"Mines / Géologie, Mécanique / Industrie",terrain,S,chimie_mines,False,chimie_mines
"Tourisme / Environnement, Langues étrangères",Tourisme / Environnement,Langues étrangères,terrain,A,tourisme_environnement,False,tourisme_environnement
"Informatique / Programmation, Intelligence artificielle, Réseaux / Systèmes, Physique / Electronique","Réseaux / Systèmes, Réseaux / Systèmes, Informatique / Programmation","Informatique / Programmation, Informatique / Programmation",contact_client,S,reseaux_electronique,False,reseaux_electronique
"Chimie, Biologie / Santé, Pharmacie / Médicament","Chimie, Chimie",Pharmacie / Médicament,laboratoire,D,pharmacie_sante,False,pharmacie_sante
"Mathématiques, Mécanique / Industrie, Génie civil / Architecture","Mathématiques, Mécanique / Industrie, Génie civil / Architecture",Génie civil / Architecture,terrain,D,genie_civil,False,genie_civil
"Mathématiques, Mécanique / Industrie, Génie civil / Architecture","Mathématiques, Mécanique / Industrie, Génie civil / Architecture",Mécanique / Industrie,terrain,D,genie_civil,False,genie_civil
"Chimie, Biologie / Santé, Pharmacie / Médicament",Biologie / Santé,"Biologie / Santé, Chimie",laboratoire,D,pharmacie_sante,False,pharmacie_sante
"Mathématiques, Mécanique / Industrie, Génie civil / Architecture","Mathématiques, Mécanique / Industrie, Génie civil / Architecture",Mathématiques,terrain,D,genie_civil,False,genie_civil
"Droit / Juridique, Langues étrangères","Droit / Juridique, Langues étrangères",,bureau,L,droit,False,droit
"Droit / Juridique, Langues étrangères",Droit / Juridique,"Droit / Juridique, Langues étrangères",atelier,A,droit,False,droit
"Mécanique / Industrie, Physique / Electronique, Mathématiques","Chimie, Mécanique / Industrie, Mathématiques","Mines / Géologie, Chimie",terrain,C,chimie_mines,False,chimie_mines
"Agriculture / Elevage, Biologie / Santé",Biologie / Santé,,laboratoire,S,agroalimentaire,False,agroalimentaire
"Physique / Electronique, Mécanique / Industrie, Mathématiques","Mathématiques, Mathématiques",Mécanique / Industrie,bureau,Autre,genie_industriel,False,genie_industriel
"Mathématiques, Mécanique / Industrie, Informatique / Programmation","Informatique / Programmation, Informatique / Programmation, Mécanique / Industrie",,atelier,D,genie_industriel,False,genie_industriel
"Communication, Communication","Communication, Gestion / Entreprise",,bureau,D,informatique_numerique,False,informatique_numerique
"Informatique / Programmation, Economie, Intelligence artificielle","Intelligence artificielle, Informatique / Programmation, Statistiques / Données","Informatique / Programmation, Intelligence artificielle",bureau,D,data_ia,False,data_ia
"Tourisme / Environnement, Langues étrangères",Tourisme / Environnement,,terrain,L,tourisme_environnement,False,tourisme_environnement
"Mines / Géologie, Mécanique / Industrie, Physique / Electronique","Chimie, Chimie",,terrain,S,chimie_mines,False,chimie_mines
"Finance / Comptabilité, Gestion / Entreprise, Communication, Communication","Langues étrangères, Gestion / Entreprise","Economie, Commerce / Marketing",terrain,D,commerce_gestion,False,commerce_gestion
"Droit / Juridique, Langues étrangères",Droit / Juridique,Langues étrangères,laboratoire,D,droit,False,droit
"Statistiques / Données, Economie, Statistiques / Données, Intelligence artificielle","Statistiques / Données, Intelligence artificielle, Mathématiques",Intelligence artificielle,laboratoire,D,data_ia,True,chimie_mines
"Réseaux / Systèmes, Physique / Electronique, Réseaux / Systèmes","Intelligence artificielle, Informatique / Programmation",,atelier,S,reseaux_electronique,False,reseaux_electronique
"Statistiques / Données, Finance / Comptabilité","Gestion / Entreprise, Mathématiques",,bureau,A,finance_comptabilite,False,finance_comptabilite
"Réseaux / Systèmes, Communication","Réseaux / Systèmes, Réseaux / Systèmes","Informatique / Programmation, Gestion / Entreprise",bureau,S,informatique_numerique,False,informatique_numerique
"Mathématiques, Informatique / Programmation, Intelligence artificielle","Gestion / Entreprise, Intelligence artificielle","Réseaux / Systèmes, Statistiques / Données",bureau,Autre,informatique_numerique,False,informatique_numerique
"Mécanique / Industrie, Mathématiques, Mines / Géologie, Chimie",Mines / Géologie,"Chimie, Mécanique / Industrie",terrain,Autre,chimie_mines,False,chimie_mines
"Intelligence artificielle, Intelligence artificielle","Physique / Electronique, Physique / Electronique, Réseaux / Systèmes",Réseaux / Systèmes,atelier,S,reseaux_electronique,False,reseaux_electronique
"Chimie, Mines / Géologie, Chimie, Mathématiques",Chimie,"Mathématiques, Mathématiques",terrain,D,chimie_mines,True,economie_management
"Multimédia / Design, Mathématiques, Gestion / Entreprise","Mathématiques, Multimédia / Design","Réseaux / Systèmes, Mathématiques",bureau,S,informatique_numerique,False,informatique_numerique
"Biologie / Santé, Agriculture / Elevage","Biologie / Santé, Agriculture / Elevage",Biologie / Santé,terrain,D,agriculture_elevage,False,agriculture_elevage
"Tourisme / Environnement, Langues étrangères",Tourisme / Environnement,,terrain,D,tourisme_environnement,False,tourisme_environnement
"Chimie, Pharmacie / Médicament","Chimie, Chimie","Pharmacie / Médicament, Biologie / Santé",laboratoire,S,pharmacie_sante,False,pharmacie_sante
"Informatique / Programmation, Intelligence artificielle, Réseaux / Systèmes, Physique / Electronique",Informatique / Programmation,"Informatique / Programmation, Réseaux / Systèmes",terrain,S,reseaux_electronique,False,reseaux_electronique
"Droit / Juridique, Langues étrangères","Droit / Juridique, Langues étrangères","Droit / Juridique, Langues étrangères",bureau,A,droit,False,droit
"Physique / Electronique, Mécanique / Industrie, Mathématiques","Mathématiques, Physique / Electronique",,atelier,Autre,genie_industriel,False,genie_industriel
"Multimédia / Design, Statistiques / Données, Multimédia / Design, Intelligence artificielle","Gestion / Entreprise, Communication, Intelligence artificielle","Réseaux / Systèmes, Multimédia / Design",bureau,S,informatique_numerique,False,informatique_numerique
"Chimie, Biologie / Santé, Pharmacie / Médicament","Chimie, Biologie / Santé, Pharmacie / Médicament",,laboratoire,Autre,pharmacie_sante,False,pharmacie_sante
"Physique / Electronique, Mines / Géologie","Chimie, Mines / Géologie, Mathématiques","Mines / Géologie, Mécanique / Industrie",terrain,Autre,chimie_mines,False,chimie_mines
"Mathématiques, Mathématiques","Mathématiques, Informatique / Programmation, Intelligence artificielle",Informatique / Programmation,bureau,D,data_ia,False,data_ia
"Intelligence artificielle, Statistiques / Données","Intelligence artificielle, Statistiques / Données, Mathématiques",,bureau,D,data_ia,False,data_ia
"Informatique / Programmation, Intelligence artificielle, Mathématiques, Informatique / Programmation",Statistiques / Données,Informatique / Programmation,bureau,C,data_ia,False,data_ia
"Droit / Juridique, Langues étrangères",Droit / Juridique,"Droit / Juridique, Langues étrangères",bureau,A,droit,False,droit
"Statistiques / Données, Finance / Comptabilité, Mathématiques, Finance / Comptabilité",Statistiques / Données,,bureau,Autre,finance_comptabilite,False,finance_comptabilite
"Biologie / Santé, Agriculture / Elevage","Biologie / Santé, Agriculture / Elevage",,terrain,S,agriculture_elevage,False,agriculture_elevage
"Finance / Comptabilité, Commerce / Marketing","Communication, Communication, Finance / Comptabilité",,bureau,A,commerce_gestion,False,commerce_gestion
"Mathématiques, Multimédia / Design","Réseaux / Systèmes, Multimédia / Design, Intelligence artificielle",,terrain,D,informatique_numerique,False,informatique_numerique
"Agroalimentaire, Agriculture / Elevage","Agroalimentaire, Agroalimentaire",Agriculture / Elevage,laboratoire,D,agroalimentaire,False,agroalimentaire
"Mines / Géologie, Mines / Géologie, Mines / Géologie, Chimie","Mathématiques, Chimie, Mathématiques","Mines / Géologie, Physique / Electronique",terrain,S,chimie_mines,False,chimie_mines
"Biologie / Santé, Biologie / Santé",Biologie / Santé,Biologie / Santé,atelier,S,pharmacie_sante,False,pharmacie_sante
"Informatique / Programmation, Intelligence artificielle, Réseaux / Systèmes, Physique / Electronique","Réseaux / Systèmes, Informatique / Programmation",,atelier,C,reseaux_electronique,False,reseaux_electronique
"Gestion / Entreprise, Statistiques / Données",Mathématiques,Economie,bureau,D,economie_management,False,economie_management
"Statistiques / Données, Intelligence artificielle, Statistiques / Données, Intelligence artificielle","Economie, Informatique / Programmation, Informatique / Programmation",Intelligence artificielle,bureau,S,data_ia,False,data_ia
"Tourisme / Environnement, Langues étrangères","Tourisme / Environnement, Langues étrangères","Tourisme / Environnement, Langues étrangères",terrain,Autre,tourisme_environnement,False,tourisme_environnement
"Biologie / Santé, Agriculture / Elevage",Biologie / Santé,,terrain,D,agriculture_elevage,False,agriculture_elevage
"Génie civil / Architecture, Mécanique / Industrie","Mathématiques, Mécanique / Industrie","Génie civil / Architecture, Génie civil / Architecture",atelier,S,genie_civil,False,genie_civil
"Gestion / Entreprise, Economie","Gestion / Entreprise, Commerce / Marketing",,bureau,A,commerce_gestion,False,commerce_gestion
"Mécanique / Industrie, Mécanique / Industrie","Physique / Electronique, Physique / Electronique","Physique / Electronique, Mathématiques",atelier,S,genie_industriel,False,genie_industriel
"Finance / Comptabilité, Gestion / Entreprise, Gestion / Entreprise",Langues étrangères,,atelier,Technique,commerce_gestion,False,commerce_gestion
"Intelligence artificielle, Communication, Mathématiques","Informatique / Programmation, Gestion / Entreprise, Mathématiques",,bureau,Autre,informatique_numerique,False,informatique_numerique
"Gestion / Entreprise, Langues étrangères, Commerce / Marketing","Langues étrangères, Mathématiques, Economie","Statistiques / Données, Mathématiques",bureau,D,economie_management,False,economie_management
"Statistiques / Données, Economie","Mathématiques, Gestion / Entreprise, Economie","Statistiques / Données, Commerce / Marketing",bureau,A,economie_management,False,economie_management
"Physique / Electronique, Physique / Electronique","Intelligence artificielle, Informatique / Programmation, Réseaux / Systèmes","Réseaux / Systèmes, Réseaux / Systèmes",atelier,S,reseaux_electronique,False,reseaux_electronique
"Informatique / Programmation, Mathématiques, Physique / Electronique, Mécanique / Industrie",Physique / Electronique,,atelier,D,genie_industriel,False,genie_industriel
"Informatique / Programmation, Intelligence artificielle, Réseaux / Systèmes, Physique / Electronique","Physique / Electronique, Réseaux / Systèmes, Réseaux / Systèmes",Réseaux / Systèmes,atelier,S,reseaux_electronique,False,reseaux_electronique
"Mathématiques, Informatique / Programmation","Informatique / Programmation, Intelligence artificielle, Intelligence artificielle","Informatique / Programmation, Intelligence artificielle",bureau,C,data_ia,False,data_ia
"Mécanique / Industrie, Physique / Electronique","Mécanique / Industrie, Mathématiques",Mécanique / Industrie,atelier,D,genie_industriel,False,genie_industriel
"Informatique / Programmation, Physique / Electronique","Intelligence artificielle, Physique / Electronique, Réseaux / Systèmes","Informatique / Programmation, Intelligence artificielle",atelier,D,reseaux_electronique,False,reseaux_electronique
"Réseaux / Systèmes, Réseaux / Systèmes, Réseaux / Systèmes",Réseaux / Systèmes,,atelier,D,reseaux_electronique,False,reseaux_electronique
"Economie, Mathématiques, Langues étrangères","Gestion / Entreprise, Gestion / Entreprise",Commerce / Marketing,bureau,A,economie_management,False,economie_management
"Finance / Comptabilité, Langues étrangères, Finance / Comptabilité","Finance / Comptabilité, Finance / Comptabilité, Finance / Comptabilité",Gestion / Entreprise,bureau,D,finance_comptabilite,False,finance_comptabilite
"Gestion / Entreprise, Multimédia / Design, Multimédia / Design","Réseaux / Systèmes, Intelligence artificielle, Gestion / Entreprise",Multimédia / Design,bureau,S,informatique_numerique,False,informatique_numerique
"Economie, Statistiques / Données","Statistiques / Données, Economie",Gestion / Entreprise,bureau,A,economie_management,False,economie_management
"Biologie / Santé, Agriculture / Elevage","Biologie / Santé, Agriculture / Elevage",,terrain,C,agriculture_elevage,False,agriculture_elevage
"Mathématiques, Mécanique / Industrie, Génie civil / Architecture","Mathématiques, Mécanique / Industrie, Génie civil / Architecture",,terrain,S,genie_civil,False,genie_civil
"Mathématiques, Mécanique / Industrie, Génie civil / Architecture","Mathématiques, Mécanique / Industrie, Génie civil / Architecture",Mathématiques,atelier,S,genie_civil,False,genie_civil
"Agroalimentaire, Agroalimentaire",Agroalimentaire,,laboratoire,S,agroalimentaire,False,agroalimentaire
"Intelligence artificielle, Statistiques / Données",Informatique / Programmation,Statistiques / Données,atelier,D,data_ia,False,data_ia
"Biologie / Santé, Biologie / Santé, Agroalimentaire",Agroalimentaire,,laboratoire,S,agroalimentaire,False,agroalimentaire
"Langues étrangères, Mathématiques, Finance / Comptabilité","Mathématiques, Gestion / Entreprise","Mathématiques, Finance / Comptabilité",bureau,D,finance_comptabilite,False,finance_comptabilite
"Commerce / Marketing, Economie","Statistiques / Données, Commerce / Marketing, Langues étrangères",,atelier,D,economie_management,False,economie_management
"Communication, Commerce / Marketing",Langues étrangères,Commerce / Marketing,bureau,Technique,commerce_gestion,False,commerce_gestion
"Physique / Electronique, Chimie","Physique / Electronique, Mécanique / Industrie, Mécanique / Industrie",,terrain,D,chimie_mines,False,chimie_mines
"Physique / Electronique, Mathématiques, Mécanique / Industrie, Physique / Electronique",Mécanique / Industrie,Mines / Géologie,terrain,S,chimie_mines,False,chimie_mines
"Chimie, Chimie, Mécanique / Industrie","Mécanique / Industrie, Mathématiques",,terrain,S,chimie_mines,False,chimie_mines
"Intelligence artificielle, Réseaux / Systèmes, Intelligence artificielle, Communication",Intelligence artificielle,Informatique / Programmation,bureau,S,informatique_numerique,False,informatique_numerique
"Hôtellerie / Accueil, Communication, Hôtellerie / Accueil",Communication,"Hôtellerie / Accueil, Hôtellerie / Accueil",contact_client,A,hotellerie_restauration,False,hotellerie_restauration
"Communication, Tourisme / Environnement, Hôtellerie / Accueil, Langues étrangères","Hôtellerie / Accueil, Hôtellerie / Accueil",,contact_client,D,hotellerie_restauration,True,droit
"Statistiques / Données, Informatique / Programmation, Mathématiques",Mathématiques,Mathématiques,atelier,S,data_ia,False,data_ia
"Statistiques / Données, Intelligence artificielle, Statistiques / Données","Intelligence artificielle, Informatique / Programmation, Statistiques / Données",,bureau,C,data_ia,False,data_ia
"Informatique / Programmation, Intelligence artificielle","Intelligence artificielle, Informatique / Programmation",Intelligence artificielle,bureau,S,data_ia,False,data_ia
"Informatique / Programmation, Intelligence artificielle, Réseaux / Systèmes, Physique / Electronique","Réseaux / Systèmes, Réseaux / Systèmes, Intelligence artificielle",,terrain,S,reseaux_electronique,False,reseaux_electronique
"Biologie / Santé, Agriculture / Elevage","Biologie / Santé, Agriculture / Elevage",Biologie / Santé,laboratoire,D,agriculture_elevage,False,agriculture_elevage
"Réseaux / Systèmes, Intelligence artificielle","Informatique / Programmation, Physique / Electronique, Informatique / Programmation","Physique / Electronique, Physique / Electronique",atelier,D,reseaux_electronique,False,reseaux_electronique
"Biologie / Santé, Agriculture / Elevage",Agriculture / Elevage,,terrain,Autre,agriculture_elevage,False,agriculture_elevage
"Intelligence artificielle, Gestion / Entreprise, Mathématiques, Intelligence artificielle","Intelligence artificielle, Multimédia / Design, Multimédia / Design",,bureau,S,informatique_numerique,False,informatique_numerique
"Informatique / Programmation, Réseaux / Systèmes, Réseaux / Systèmes","Communication, Intelligence artificielle","Réseaux / Systèmes, Informatique / Programmation",bureau,D,informatique_numerique,False,informatique_numerique
"Chimie, Biologie / Santé, Pharmacie / Médicament",Chimie,"Pharmacie / Médicament, Chimie",laboratoire,C,pharmacie_sante,False,pharmacie_sante
"Informatique / Programmation, Intelligence artificielle, Réseaux / Systèmes, Physique / Electronique",Réseaux / Systèmes,"Intelligence artificielle, Intelligence artificielle",contact_client,D,reseaux_electronique,False,reseaux_electronique
"Communication, Tourisme / Environnement, Hôtellerie / Accueil, Langues étrangères","Communication, Hôtellerie / Accueil",,laboratoire,D,hotellerie_restauration,False,hotellerie_restauration
"Finance / Comptabilité, Commerce / Marketing, Commerce / Marketing",Commerce / Marketing,"Gestion / Entreprise, Commerce / Marketing",bureau,L,commerce_gestion,False,commerce_gestion
"Tourisme / Environnement, Hôtellerie / Accueil, Langues étrangères",Communication,Tourisme / Environnement,laboratoire,D,hotellerie_restauration,False,hotellerie_restauration
"Droit / Juridique, Langues étrangères",Droit / Juridique,"Droit / Juridique, Langues étrangères",bureau,A,droit,False,droit
"Réseaux / Systèmes, Informatique / Programmation",Multimédia / Design,"Informatique / Programmation, Statistiques / Données",bureau,S,informatique_numerique,False,informatique_numerique
"Mécanique / Industrie, Mécanique / Industrie","Mécanique / Industrie, Mathématiques, Informatique / Programmation",Mécanique / Industrie,atelier,S,genie_industriel,False,genie_industriel
"Mathématiques, Physique / Electronique","Mécanique / Industrie, Informatique / Programmation",Physique / Electronique,atelier,D,genie_industriel,True,data_ia
"Biologie / Santé, Agriculture / Elevage","Biologie / Santé, Agriculture / Elevage",Biologie / Santé,atelier,D,agriculture_elevage,False,agriculture_elevage
"Chimie, Biologie / Santé, Pharmacie / Médicament","Chimie, Biologie / Santé, Pharmacie / Médicament",Chimie,laboratoire,S,pharmacie_sante,False,pharmacie_sante
"Mathématiques, Intelligence artificielle, Statistiques / Données, Intelligence artificielle",Statistiques / Données,,bureau,S,data_ia,False,data_ia
"Statistiques / Données, Finance / Comptabilité, Langues étrangères, Statistiques / Données",Statistiques / Données,Finance / Comptabilité,bureau,A,finance_comptabilite,False,finance_comptabilite
"Biologie / Santé, Agriculture / Elevage","Biologie / Santé, Agriculture / Elevage",Biologie / Santé,terrain,S,agriculture_elevage,False,agriculture_elevage
"Multimédia / Design, Mathématiques, Réseaux / Systèmes",Multimédia / Design,"Informatique / Programmation, Intelligence artificielle",bureau,C,informatique_numerique,False,informatique_numerique
"Pharmacie / Médicament, Pharmacie / Médicament","Pharmacie / Médicament, Pharmacie / Médicament","Chimie, Chimie",terrain,S,pharmacie_sante,False,pharmacie_sante
"Mécanique / Industrie, Mécanique / Industrie, Physique / Electronique","Mathématiques, Mécanique / Industrie",Mathématiques,terrain,S,chimie_mines,False,chimie_mines
"Commerce / Marketing, Langues étrangères",Mathématiques,,contact_client,D,economie_management,False,economie_management
"Réseaux / Systèmes, Réseaux / Systèmes","Intelligence artificielle, Physique / Electronique",Réseaux / Systèmes,atelier,D,reseaux_electronique,False,reseaux_electronique
"Droit / Juridique, Langues étrangères","Droit / Juridique, Langues étrangères",,bureau,Technique,droit,False,droit
"Commerce / Marketing, Gestion / Entreprise",Commerce / Marketing,Commerce / Marketing,bureau,A,commerce_gestion,True,informatique_numerique
"Mathématiques, Mécanique / Industrie","Mécanique / Industrie, Mécanique / Industrie","Mathématiques, Mathématiques",terrain,S,genie_civil,False,genie_civil
"Informatique / Programmation, Mathématiques, Physique / Electronique, Mécanique / Industrie",Mécanique / Industrie,,atelier,S,genie_industriel,False,genie_industriel
"Multimédia / Design, Mathématiques","Multimédia / Design, Multimédia / Design",,atelier,S,informatique_numerique,False,informatique_numerique
"Chimie, Physique / Electronique",Chimie,Mathématiques,terrain,S,chimie_mines,False,chimie_mines
"Informatique / Programmation, Intelligence artificielle, Réseaux / Systèmes, Physique / Electronique","Physique / Electronique, Réseaux / Systèmes",,terrain,S,reseaux_electronique,True,chimie_mines
"Mathématiques, Mécanique / Industrie, Génie civil / Architecture","Mathématiques, Mécanique / Industrie, Génie civil / Architecture",Génie civil / Architecture,terrain,D,genie_civil,False,genie_civil
"Finance / Comptabilité, Statistiques / Données, Statistiques / Données",Finance / Comptabilité,,bureau,A,finance_comptabilite,False,finance_comptabilite
"Tourisme / Environnement, Langues étrangères","Tourisme / Environnement, Langues étrangères",,terrain,L,tourisme_environnement,False,tourisme_environnement
"Intelligence artificielle, Intelligence artificielle, Statistiques / Données, Statistiques / Données","Statistiques / Données, Intelligence artificielle, Mathématiques",,bureau,S,data_ia,False,data_ia
"Mathématiques, Mathématiques","Mécanique / Industrie, Mines / Géologie, Mines / Géologie",,terrain,S,chimie_mines,False,chimie_mines
"Hôtellerie / Accueil, Hôtellerie / Accueil",Hôtellerie / Accueil,,contact_client,A,hotellerie_restauration,False,hotellerie_restauration
"Mines / Géologie, Mathématiques, Mines / Géologie, Mines / Géologie",Mines / Géologie,Mines / Géologie,terrain,D,chimie_mines,False,chimie_mines
"Chimie, Biologie / Santé, Pharmacie / Médicament",Pharmacie / Médicament,Biologie / Santé,laboratoire,Autre,pharmacie_sante,False,pharmacie_sante
"Mathématiques, Mathématiques, Informatique / Programmation",Statistiques / Données,,bureau,C,data_ia,False,data_ia
"Biologie / Santé, Biologie / Santé","Agriculture / Elevage, Agriculture / Elevage",Biologie / Santé,laboratoire,S,agroalimentaire,True,pharmacie_sante
"Gestion / Entreprise, Finance / Comptabilité, Finance / Comptabilité, Finance / Comptabilité","Langues étrangères, Finance / Comptabilité","Mathématiques, Finance / Comptabilité",atelier,A,finance_comptabilite,False,finance_comptabilite
"Droit / Juridique, Langues étrangères","Droit / Juridique, Langues étrangères",Droit / Juridique,bureau,A,droit,False,droit
"Gestion / Entreprise, Commerce / Marketing, Commerce / Marketing",Commerce / Marketing,Commerce / Marketing,bureau,D,commerce_gestion,False,commerce_gestion
"Biologie / Santé, Agriculture / Elevage",Biologie / Santé,"Biologie / Santé, Agriculture / Elevage",terrain,S,agriculture_elevage,False,agriculture_elevage
"Informatique / Programmation, Intelligence artificielle, Multimédia / Design",Intelligence artificielle,Mathématiques,bureau,D,informatique_numerique,False,informatique_numerique
"Chimie, Biologie / Santé, Pharmacie / Médicament","Chimie, Biologie / Santé, Pharmacie / Médicament","Pharmacie / Médicament, Pharmacie / Médicament",bureau,S,pharmacie_sante,False,pharmacie_sante
"Communication, Tourisme / Environnement, Hôtellerie / Accueil, Langues étrangères","Hôtellerie / Accueil, Tourisme / Environnement","Hôtellerie / Accueil, Hôtellerie / Accueil",contact_client,A,hotellerie_restauration,False,hotellerie_restauration
"Tourisme / Environnement, Tourisme / Environnement",Langues étrangères,"Hôtellerie / Accueil, Langues étrangères",contact_client,D,hotellerie_restauration,False,hotellerie_restauration
"Mathématiques, Mécanique / Industrie, Génie civil / Architecture",Génie civil / Architecture,"Mathématiques, Génie civil / Architecture",terrain,Autre,genie_civil,False,genie_civil
"Tourisme / Environnement, Langues étrangères","Tourisme / Environnement, Langues étrangères",,terrain,D,tourisme_environnement,False,tourisme_environnement
"Physique / Electronique, Mines / Géologie","Physique / Electronique, Chimie","Mines / Géologie, Mines / Géologie",terrain,D,chimie_mines,False,chimie_mines
"Mathématiques, Commerce / Marketing, Statistiques / Données","Statistiques / Données, Gestion / Entreprise, Gestion / Entreprise",Economie,bureau,A,economie_management,False,economie_management
"Chimie, Biologie / Santé, Pharmacie / Médicament","Pharmacie / Médicament, Biologie / Santé",,laboratoire,D,pharmacie_sante,False,pharmacie_sante
"Informatique / Programmation, Mathématiques, Physique / Electronique, Mécanique / Industrie","Physique / Electronique, Mécanique / Industrie, Mécanique / Industrie",Physique / Electronique,atelier,D,genie_industriel,False,genie_industriel
"Mécanique / Industrie, Mines / Géologie","Mécanique / Industrie, Mécanique / Industrie",,terrain,S,chimie_mines,False,chimie_mines
"Biologie / Santé, Agriculture / Elevage",Biologie / Santé,"Biologie / Santé, Agriculture / Elevage",terrain,D,agriculture_elevage,False,agriculture_elevage
"Agriculture / Elevage, Biologie / Santé, Biologie / Santé","Chimie, Chimie, Agroalimentaire","Agroalimentaire, Agroalimentaire",laboratoire,S,agroalimentaire,False,agroalimentaire
"Mathématiques, Informatique / Programmation, Mathématiques, Informatique / Programmation","Intelligence artificielle, Informatique / Programmation, Intelligence artificielle",Statistiques / Données,bureau,S,data_ia,False,data_ia
"Mathématiques, Informatique / Programmation, Mathématiques","Mécanique / Industrie, Physique / Electronique",,terrain,S,genie_industriel,False,genie_industriel
"Statistiques / Données, Mathématiques, Statistiques / Données, Commerce / Marketing",Mathématiques,,bureau,A,economie_management,False,economie_management
"Biologie / Santé, Agriculture / Elevage",Agriculture / Elevage,Agriculture / Elevage,terrain,D,agriculture_elevage,False,agriculture_elevage
"Mathématiques, Mécanique / Industrie, Génie civil / Architecture",Mécanique / Industrie,"Mécanique / Industrie, Mécanique / Industrie",terrain,Autre,genie_civil,True,economie_management
"Statistiques / Données, Statistiques / Données, Commerce / Marketing","Langues étrangères, Gestion / Entreprise",,contact_client,D,economie_management,False,economie_management
"Communication, Intelligence artificielle, Statistiques / Données","Intelligence artificielle, Statistiques / Données","Communication, Informatique / Programmation",bureau,D,informatique_numerique,False,informatique_numerique
"Biologie / Santé, Agriculture / Elevage",Agriculture / Elevage,,terrain,S,agriculture_elevage,False,agriculture_elevage
"Génie civil / Architecture, Génie civil / Architecture","Mathématiques, Mécanique / Industrie, Génie civil / Architecture",Mathématiques,terrain,D,genie_civil,False,genie_civil
"Biologie / Santé, Chimie",Biologie / Santé,Pharmacie / Médicament,laboratoire,Autre,pharmacie_sante,False,pharmacie_sante
"Tourisme / Environnement, Langues étrangères","Tourisme / Environnement, Langues étrangères",Tourisme / Environnement,terrain,A,tourisme_environnement,True,hotellerie_restauration
"Droit / Juridique, Langues étrangères","Droit / Juridique, Langues étrangères","Droit / Juridique, Langues étrangères",bureau,D,droit,False,droit
"Mathématiques, Intelligence artificielle, Informatique / Programmation","Statistiques / Données, Statistiques / Données",Informatique / Programmation,contact_client,D,data_ia,False,data_ia
"Agroalimentaire, Chimie, Biologie / Santé",Agroalimentaire,"Agroalimentaire, Agroalimentaire",laboratoire,S,agroalimentaire,False,agroalimentaire
"Tourisme / Environnement, Langues étrangères","Tourisme / Environnement, Langues étrangères",Tourisme / Environnement,terrain,D,tourisme_environnement,False,tourisme_environnement
"Droit / Juridique, Langues étrangères","Droit / Juridique, Langues étrangères",Droit / Juridique,bureau,A,droit,False,droit
"Mécanique / Industrie, Chimie",Mines / Géologie,Mécanique / Industrie,terrain,D,chimie_mines,False,chimie_mines
"Finance / Comptabilité, Mathématiques, Finance / Comptabilité",Finance / Comptabilité,Statistiques / Données,bureau,A,finance_comptabilite,False,finance_comptabilite
"Agroalimentaire, Agroalimentaire",Chimie,Biologie / Santé,laboratoire,S,agroalimentaire,False,agroalimentaire
"Commerce / Marketing, Gestion / Entreprise","Commerce / Marketing, Commerce / Marketing, Finance / Comptabilité","Commerce / Marketing, Communication",bureau,D,commerce_gestion,False,commerce_gestion
"Intelligence artificielle, Informatique / Programmation, Mathématiques","Informatique / Programmation, Statistiques / Données",Economie,bureau,D,data_ia,False,data_ia
"Biologie / Santé, Agriculture / Elevage","Biologie / Santé, Agriculture / Elevage",Agriculture / Elevage,contact_client,S,agriculture_elevage,False,agriculture_elevage
"Communication, Tourisme / Environnement, Hôtellerie / Accueil, Langues étrangères",Hôtellerie / Accueil,Hôtellerie / Accueil,bureau,A,hotellerie_restauration,False,hotellerie_restauration
"Droit / Juridique, Langues étrangères","Droit / Juridique, Langues étrangères",Droit / Juridique,bureau,D,droit,False,droit
"Tourisme / Environnement, Langues étrangères","Tourisme / Environnement, Langues étrangères",Tourisme / Environnement,terrain,D,tourisme_environnement,False,tourisme_environnement
"Physique / Electronique, Physique / Electronique, Physique / Electronique",Informatique / Programmation,,atelier,C,genie_industriel,False,genie_industriel
"Informatique / Programmation, Mathématiques, Physique / Electronique, Mécanique / Industrie",Informatique / Programmation,,atelier,D,genie_industriel,False,genie_industriel
"Droit / Juridique, Langues étrangères","Droit / Juridique, Langues étrangères",Droit / Juridique,bureau,D,droit,False,droit
"Finance / Comptabilité, Statistiques / Données, Mathématiques","Statistiques / Données, Finance / Comptabilité",Gestion / Entreprise,bureau,D,finance_comptabilite,False,finance_comptabilite
"Biologie / Santé, Biologie / Santé","Agriculture / Elevage, Agriculture / Elevage, Agroalimentaire",,laboratoire,S,agroalimentaire,False,agroalimentaire
"Chimie, Biologie / Santé, Agriculture / Elevage, Agroalimentaire",Agroalimentaire,,laboratoire,D,agroalimentaire,False,agroalimentaire
"Gestion / Entreprise, Informatique / Programmation, Mathématiques","Communication, Intelligence artificielle",Gestion / Entreprise,bureau,S,informatique_numerique,False,informatique_numerique
"Intelligence artificielle, Mathématiques, Mathématiques, Statistiques / Données","Statistiques / Données, Intelligence artificielle",,bureau,D,data_ia,True,genie_industriel
"Gestion / Entreprise, Commerce / Marketing, Commerce / Marketing","Economie, Gestion / Entreprise",,bureau,D,commerce_gestion,False,commerce_gestion
"Mathématiques, Intelligence artificielle, Intelligence artificielle, Intelligence artificielle","Informatique / Programmation, Intelligence artificielle, Intelligence artificielle","Economie, Statistiques / Données",bureau,D,data_ia,False,data_ia
"Communication, Hôtellerie / Accueil","Hôtellerie / Accueil, Langues étrangères, Hôtellerie / Accueil",,atelier,D,hotellerie_restauration,False,hotellerie_restauration
"Mathématiques, Intelligence artificielle, Informatique / Programmation, Informatique / Programmation","Intelligence artificielle, Intelligence artificielle, Informatique / Programmation","Informatique / Programmation, Informatique / Programmation",laboratoire,S,informatique_numerique,False,informatique_numerique
"Droit / Juridique, Langues étrangères","Droit / Juridique, Langues étrangères","Droit / Juridique, Langues étrangères",bureau,D,droit,False,droit
"Statistiques / Données, Multimédia / Design, Statistiques / Données, Gestion / Entreprise",Gestion / Entreprise,Communication,bureau,C,informatique_numerique,False,informatique_numerique
"Biologie / Santé, Agriculture / Elevage",Agriculture / Elevage,,terrain,S,agriculture_elevage,False,agriculture_elevage
"Communication, Tourisme / Environnement, Hôtellerie / Accueil, Langues étrangères","Hôtellerie / Accueil, Hôtellerie / Accueil, Langues étrangères",Tourisme / Environnement,contact_client,D,hotellerie_restauration,False,hotellerie_restauration
"Mathématiques, Economie, Gestion / Entreprise","Langues étrangères, Mathématiques",Statistiques / Données,contact_client,Autre,economie_management,False,economie_management
"Tourisme / Environnement, Langues étrangères",Langues étrangères,"Tourisme / Environnement, Langues étrangères",terrain,D,tourisme_environnement,False,tourisme_environnement
"Mathématiques, Mécanique / Industrie, Génie civil / Architecture","Mécanique / Industrie, Mécanique / Industrie",Mathématiques,terrain,S,genie_civil,False,genie_civil
"Finance / Comptabilité, Gestion / Entreprise, Gestion / Entreprise",Finance / Comptabilité,,bureau,A,commerce_gestion,False,commerce_gestion
"Communication, Gestion / Entreprise, Communication","Gestion / Entreprise, Finance / Comptabilité",Commerce / Marketing,bureau,Autre,commerce_gestion,False,commerce_gestion
"Tourisme / Environnement, Langues étrangères","Tourisme / Environnement, Langues étrangères",,terrain,A,tourisme_environnement,False,tourisme_environnement
"Chimie, Chimie, Mécanique / Industrie, Mathématiques","Mines / Géologie, Mécanique / Industrie",,terrain,S,chimie_mines,False,chimie_mines
"Finance / Comptabilité, Finance / Comptabilité, Langues étrangères, Finance / Comptabilité","Statistiques / Données, Statistiques / Données",Mathématiques,terrain,A,finance_comptabilite,False,finance_comptabilite
"Informatique / Programmation, Mathématiques, Physique / Electronique, Mécanique / Industrie",Mécanique / Industrie,Mécanique / Industrie,atelier,D,genie_industriel,False,genie_industriel
"Droit / Juridique, Langues étrangères","Droit / Juridique, Langues étrangères",,bureau,A,droit,False,droit
"Tourisme / Environnement, Langues étrangères","Tourisme / Environnement, Langues étrangères",Tourisme / Environnement,terrain,Autre,tourisme_environnement,False,tourisme_environnement
"Réseaux / Systèmes, Multimédia / Design, Informatique / Programmation, Mathématiques","Réseaux / Systèmes, Multimédia / Design",Statistiques / Données,bureau,Autre,informatique_numerique,False,informatique_numerique
"Biologie / Santé, Agroalimentaire, Agriculture / Elevage","Agroalimentaire, Agroalimentaire","Biologie / Santé, Agriculture / Elevage",laboratoire,D,agroalimentaire,False,agroalimentaire
"Hôtellerie / Accueil, Langues étrangères","Hôtellerie / Accueil, Langues étrangères, Langues étrangères","Hôtellerie / Accueil, Communication",contact_client,Technique,hotellerie_restauration,False,hotellerie_restauration
"Informatique / Programmation, Mécanique / Industrie, Mécanique / Industrie",Informatique / Programmation,"Mécanique / Industrie, Physique / Electronique",atelier,D,genie_industriel,False,genie_industriel
"Intelligence artificielle, Réseaux / Systèmes","Intelligence artificielle, Physique / Electronique, Réseaux / Systèmes","Intelligence artificielle, Physique / Electronique",atelier,D,reseaux_electronique,False,reseaux_electronique
"Communication, Hôtellerie / Accueil","Communication, Hôtellerie / Accueil","Tourisme / Environnement, Tourisme / Environnement",terrain,L,hotellerie_restauration,False,hotellerie_restauration
"Biologie / Santé, Agriculture / Elevage",Biologie / Santé,,contact_client,D,agriculture_elevage,False,agriculture_elevage
"Biologie / Santé, Agriculture / Elevage","Biologie / Santé, Agriculture / Elevage","Biologie / Santé, Agriculture / Elevage",laboratoire,S,agriculture_elevage,False,agriculture_elevage
"Tourisme / Environnement, Langues étrangères",Langues étrangères,Tourisme / Environnement,laboratoire,Technique,tourisme_environnement,False,tourisme_environnement
"Gestion / Entreprise, Mathématiques, Réseaux / Systèmes, Communication","Mathématiques, Communication, Statistiques / Données",Multimédia / Design,terrain,Autre,informatique_numerique,False,informatique_numerique
"Mécanique / Industrie, Mathématiques","Génie civil / Architecture, Génie civil / Architecture","Génie civil / Architecture, Mathématiques",terrain,D,genie_civil,False,genie_civil
"Informatique / Programmation, Intelligence artificielle, Réseaux / Systèmes, Physique / Electronique","Intelligence artificielle, Informatique / Programmation",Réseaux / Systèmes,atelier,C,reseaux_electronique,False,reseaux_electronique
"Gestion / Entreprise, Communication","Economie, Commerce / Marketing","Communication, Commerce / Marketing",bureau,L,commerce_gestion,False,commerce_gestion
"Chimie, Biologie / Santé, Agriculture / Elevage, Agroalimentaire",Agroalimentaire,,laboratoire,S,agroalimentaire,False,agroalimentaire
"Gestion / Entreprise, Economie, Gestion / Entreprise","Gestion / Entreprise, Gestion / Entreprise, Economie","Mathématiques, Gestion / Entreprise",bureau,L,economie_management,True,informatique_numerique
"Agroalimentaire, Biologie / Santé",Agroalimentaire,Agroalimentaire,laboratoire,D,agroalimentaire,False,agroalimentaire
"Economie, Gestion / Entreprise, Economie, Economie","Gestion / Entreprise, Gestion / Entreprise, Langues étrangères","Economie, Statistiques / Données",bureau,A,economie_management,False,economie_management
"Tourisme / Environnement, Hôtellerie / Accueil","Hôtellerie / Accueil, Communication, Communication",,contact_client,D,hotellerie_restauration,True,commerce_gestion
"Biologie / Santé, Agriculture / Elevage","Biologie / Santé, Agriculture / Elevage","Biologie / Santé, Agriculture / Elevage",contact_client,D,agriculture_elevage,False,agriculture_elevage
"Finance / Comptabilité, Gestion / Entreprise","Gestion / Entreprise, Economie","Finance / Comptabilité, Gestion / Entreprise",bureau,Autre,commerce_gestion,False,commerce_gestion
"Hôtellerie / Accueil, Tourisme / Environnement, Tourisme / Environnement","Langues étrangères, Langues étrangères","Tourisme / Environnement, Tourisme / Environnement",contact_client,Autre,hotellerie_restauration,False,hotellerie_restauration
"Biologie / Santé, Agriculture / Elevage",Agriculture / Elevage,"Biologie / Santé, Agriculture / Elevage",contact_client,S,agriculture_elevage,False,agriculture_elevage
"Hôtellerie / Accueil, Hôtellerie / Accueil",Hôtellerie / Accueil,"Langues étrangères, Communication",contact_client,D,hotellerie_restauration,False,hotellerie_restauration
"Informatique / Programmation, Mathématiques, Physique / Electronique, Mécanique / Industrie","Mécanique / Industrie, Mathématiques, Informatique / Programmation",,atelier,S,genie_industriel,False,genie_industriel
"Informatique / Programmation, Mathématiques, Mécanique / Industrie",Mécanique / Industrie,"Mathématiques, Mathématiques",atelier,S,genie_industriel,False,genie_industriel
"Mathématiques, Mécanique / Industrie, Génie civil / Architecture","Mathématiques, Mécanique / Industrie, Génie civil / Architecture",Génie civil / Architecture,terrain,D,genie_civil,False,genie_civil
"Economie, Langues étrangères, Mathématiques","Economie, Economie",,bureau,D,economie_management,False,economie_management
"Mines / Géologie, Chimie, Chimie",Mines / Géologie,"Mines / Géologie, Mines / Géologie",terrain,D,chimie_mines,False,chimie_mines
"Mécanique / Industrie, Chimie, Mathématiques","Mines / Géologie, Mines / Géologie",Mines / Géologie,bureau,S,chimie_mines,False,chimie_mines
"Statistiques / Données, Intelligence artificielle","Intelligence artificielle, Statistiques / Données, Informatique / Programmation","Mathématiques, Informatique / Programmation",bureau,Autre,data_ia,False,data_ia
"Pharmacie / Médicament, Biologie / Santé","Chimie, Biologie / Santé, Pharmacie / Médicament",,laboratoire,S,pharmacie_sante,False,pharmacie_sante
"Agroalimentaire, Biologie / Santé, Agroalimentaire","Agroalimentaire, Agroalimentaire, Agroalimentaire",Biologie / Santé,laboratoire,D,agroalimentaire,False,agroalimentaire
"Economie, Gestion / Entreprise, Gestion / Entreprise","Commerce / Marketing, Communication",Communication,laboratoire,A,commerce_gestion,False,commerce_gestion
"Droit / Juridique, Langues étrangères",Droit / Juridique,,bureau,Technique,droit,False,droit
"Tourisme / Environnement, Langues étrangères","Tourisme / Environnement, Langues étrangères","Tourisme / Environnement, Langues étrangères",contact_client,A,tourisme_environnement,False,tourisme_environnement
"Biologie / Santé, Agriculture / Elevage",Biologie / Santé,"Biologie / Santé, Agriculture / Elevage",terrain,D,agriculture_elevage,False,agriculture_elevage
"Mécanique / Industrie, Mines / Géologie","Physique / Electronique, Chimie","Mathématiques, Mathématiques",terrain,S,chimie_mines,False,chimie_mines
"Biologie / Santé, Agriculture / Elevage","Biologie / Santé, Agriculture / Elevage",,terrain,S,agriculture_elevage,False,agriculture_elevage
"Hôtellerie / Accueil, Hôtellerie / Accueil, Hôtellerie / Accueil","Hôtellerie / Accueil, Communication","Tourisme / Environnement, Hôtellerie / Accueil",contact_client,L,hotellerie_restauration,False,hotellerie_restauration
"Biologie / Santé, Agriculture / Elevage","Biologie / Santé, Agriculture / Elevage",,terrain,C,agriculture_elevage,False,agriculture_elevage
"Mathématiques, Statistiques / Données",Mathématiques,Mathématiques,bureau,C,informatique_numerique,False,informatique_numerique
"Economie, Gestion / Entreprise, Commerce / Marketing","Economie, Economie",Economie,laboratoire,D,economie_management,False,economie_management
"Langues étrangères, Finance / Comptabilité, Finance / Comptabilité, Finance / Comptabilité","Statistiques / Données, Statistiques / Données",Statistiques / Données,bureau,L,finance_comptabilite,False,finance_comptabilite
"Chimie, Biologie / Santé",Pharmacie / Médicament,Chimie,laboratoire,Autre,pharmacie_sante,False,pharmacie_sante
"Chimie, Biologie / Santé, Pharmacie / Médicament",Pharmacie / Médicament,,bureau,S,pharmacie_sante,False,pharmacie_sante
"Physique / Electronique, Informatique / Programmation, Mécanique / Industrie","Physique / Electronique, Physique / Electronique, Mécanique / Industrie","Mécanique / Industrie, Physique / Electronique",atelier,S,genie_industriel,False,genie_industriel
"Tourisme / Environnement, Langues étrangères","Tourisme / Environnement, Langues étrangères",Tourisme / Environnement,terrain,L,tourisme_environnement,False,tourisme_environnement
"Langues étrangères, Statistiques / Données, Statistiques / Données, Commerce / Marketing",Statistiques / Données,Statistiques / Données,bureau,Autre,economie_management,False,economie_management
"Informatique / Programmation, Intelligence artificielle, Réseaux / Systèmes, Physique / Electronique","Réseaux / Systèmes, Réseaux / Systèmes, Physique / Electronique","Informatique / Programmation, Réseaux / Systèmes",atelier,Autre,reseaux_electronique,False,reseaux_electronique
"Commerce / Marketing, Commerce / Marketing, Langues étrangères, Economie","Gestion / Entreprise, Commerce / Marketing, Langues étrangères",,bureau,D,commerce_gestion,False,commerce_gestion
"Mathématiques, Mécanique / Industrie, Génie civil / Architecture","Mécanique / Industrie, Génie civil / Architecture",Mathématiques,terrain,S,genie_civil,False,genie_civil
"Tourisme / Environnement, Langues étrangères","Tourisme / Environnement, Langues étrangères",Tourisme / Environnement,terrain,A,tourisme_environnement,False,tourisme_environnement
"Mécanique / Industrie, Génie civil / Architecture",Mathématiques,,terrain,S,genie_civil,False,genie_civil
"Droit / Juridique, Langues étrangères",Droit / Juridique,,bureau,A,droit,False,droit
"Informatique / Programmation, Réseaux / Systèmes, Physique / Electronique",Physique / Electronique,Réseaux / Systèmes,atelier,D,reseaux_electronique,False,reseaux_electronique
"Biologie / Santé, Pharmacie / Médicament",Chimie,"Pharmacie / Médicament, Biologie / Santé",contact_client,S,pharmacie_sante,False,pharmacie_sante
"Gestion / Entreprise, Gestion / Entreprise","Finance / Comptabilité, Gestion / Entreprise",Finance / Comptabilité,bureau,L,commerce_gestion,False,commerce_gestion
"Biologie / Santé, Agriculture / Elevage","Biologie / Santé, Agriculture / Elevage",Biologie / Santé,terrain,S,agriculture_elevage,False,agriculture_elevage
"Finance / Comptabilité, Commerce / Marketing","Commerce / Marketing, Economie, Communication",,contact_client,D,commerce_gestion,False,commerce_gestion
"Mécanique / Industrie, Génie civil / Architecture","Mathématiques, Mathématiques","Génie civil / Architecture, Mécanique / Industrie",terrain,S,genie_civil,False,genie_civil
"Informatique / Programmation, Statistiques / Données, Intelligence artificielle",Informatique / Programmation,Economie,bureau,S,data_ia,False,data_ia
"Finance / Comptabilité, Finance / Comptabilité, Mathématiques, Mathématiques",Statistiques / Données,"Finance / Comptabilité, Finance / Comptabilité",bureau,L,finance_comptabilite,True,commerce_gestion
"Chimie, Mécanique / Industrie, Mathématiques","Mines / Géologie, Physique / Electronique, Chimie",Mines / Géologie,terrain,Autre,chimie_mines,False,chimie_mines
"Droit / Juridique, Langues étrangères","Droit / Juridique, Langues étrangères",,bureau,A,droit,False,droit
"Biologie / Santé, Agriculture / Elevage",Biologie / Santé,Biologie / Santé,terrain,D,agriculture_elevage,False,agriculture_elevage
"Gestion / Entreprise, Statistiques / Données","Gestion / Entreprise, Gestion / Entreprise, Gestion / Entreprise",,bureau,A,economie_management,False,economie_management
"Communication, Communication",Langues étrangères,Langues étrangères,contact_client,A,hotellerie_restauration,False,hotellerie_restauration
"Biologie / Santé, Agriculture / Elevage",Biologie / Santé,,terrain,D,agriculture_elevage,False,agriculture_elevage
"Informatique / Programmation, Mathématiques, Physique / Electronique, Mécanique / Industrie",Mathématiques,Physique / Electronique,atelier,Autre,genie_industriel,False,genie_industriel
"Agroalimentaire, Chimie","Biologie / Santé, Agroalimentaire, Agroalimentaire","Agroalimentaire, Agroalimentaire",laboratoire,D,agroalimentaire,False,agroalimentaire
"Biologie / Santé, Agriculture / Elevage","Biologie / Santé, Agriculture / Elevage",Biologie / Santé,terrain,S,agriculture_elevage,False,agriculture_elevage
"Tourisme / Environnement, Langues étrangères","Tourisme / Environnement, Langues étrangères",Langues étrangères,terrain,A,tourisme_environnement,False,tourisme_environnement
"Tourisme / Environnement, Langues étrangères","Tourisme / Environnement, Langues étrangères",Tourisme / Environnement,terrain,D,tourisme_environnement,False,tourisme_environnement
"Biologie / Santé, Biologie / Santé","Pharmacie / Médicament, Biologie / Santé",Chimie,laboratoire,S,pharmacie_sante,False,pharmacie_sante
"Mécanique / Industrie, Mathématiques, Physique / Electronique","Mathématiques, Mathématiques",,laboratoire,S,genie_industriel,False,genie_industriel
"Hôtellerie / Accueil, Communication, Hôtellerie / Accueil","Hôtellerie / Accueil, Communication, Tourisme / Environnement",,contact_client,Autre,hotellerie_restauration,True,tourisme_environnement
"Mines / Géologie, Mécanique / Industrie, Chimie",Mécanique / Industrie,,bureau,D,chimie_mines,False,chimie_mines
"Biologie / Santé, Chimie","Chimie, Biologie / Santé, Pharmacie / Médicament","Pharmacie / Médicament, Biologie / Santé",atelier,C,pharmacie_sante,False,pharmacie_sante
"Physique / Electronique, Mécanique / Industrie, Mathématiques","Mathématiques, Physique / Electronique",Mécanique / Industrie,laboratoire,S,genie_industriel,False,genie_industriel
"Droit / Juridique, Langues étrangères","Droit / Juridique, Langues étrangères","Droit / Juridique, Langues étrangères",bureau,D,droit,False,droit
"Informatique / Programmation, Mathématiques, Physique / Electronique, Mécanique / Industrie",Mathématiques,Physique / Electronique,atelier,S,genie_industriel,False,genie_industriel
"Mathématiques, Informatique / Programmation",Informatique / Programmation,Mathématiques,bureau,Autre,data_ia,False,data_ia
"Biologie / Santé, Agriculture / Elevage","Biologie / Santé, Agriculture / Elevage",Agriculture / Elevage,terrain,S,agriculture_elevage,False,agriculture_elevage
"Gestion / Entreprise, Gestion / Entreprise, Statistiques / Données, Gestion / Entreprise",Mathématiques,"Economie, Statistiques / Données",bureau,A,economie_management,False,economie_management
"Tourisme / Environnement, Langues étrangères",Tourisme / Environnement,,terrain,D,tourisme_environnement,False,tourisme_environnement
"Chimie, Mines / Géologie, Mathématiques",Chimie,Physique / Electronique,terrain,D,chimie_mines,False,chimie_mines
"Biologie / Santé, Agriculture / Elevage","Biologie / Santé, Agriculture / Elevage","Biologie / Santé, Agriculture / Elevage",terrain,C,agriculture_elevage,False,agriculture_elevage
"Chimie, Biologie / Santé, Pharmacie / Médicament","Biologie / Santé, Biologie / Santé",,laboratoire,S,pharmacie_sante,False,pharmacie_sante
"Finance / Comptabilité, Statistiques / Données, Finance / Comptabilité, Mathématiques","Statistiques / Données, Statistiques / Données, Finance / Comptabilité","Finance / Comptabilité, Mathématiques",bureau,D,finance_comptabilite,False,finance_comptabilite
"Biologie / Santé, Agriculture / Elevage","Biologie / Santé, Agriculture / Elevage",,terrain,S,agriculture_elevage,False,agriculture_elevage
"Chimie, Biologie / Santé, Pharmacie / Médicament","Biologie / Santé, Biologie / Santé",Pharmacie / Médicament,laboratoire,D,pharmacie_sante,False,pharmacie_sante
"Intelligence artificielle, Economie",Mathématiques,"Informatique / Programmation, Statistiques / Données",bureau,S,data_ia,True,genie_industriel
"Gestion / Entreprise, Commerce / Marketing","Commerce / Marketing, Finance / Comptabilité","Gestion / Entreprise, Commerce / Marketing",bureau,A,commerce_gestion,False,commerce_gestion
"Mathématiques, Gestion / Entreprise, Gestion / Entreprise, Langues étrangères","Statistiques / Données, Finance / Comptabilité",Statistiques / Données,bureau,A,finance_comptabilite,False,finance_comptabilite
"Chimie, Biologie / Santé, Agriculture / Elevage, Agroalimentaire",Agroalimentaire,"Chimie, Chimie",laboratoire,D,agroalimentaire,False,agroalimentaire
"Réseaux / Systèmes, Réseaux / Systèmes","Réseaux / Systèmes, Réseaux / Systèmes","Informatique / Programmation, Intelligence artificielle",atelier,S,reseaux_electronique,False,reseaux_electronique
"Tourisme / Environnement, Langues étrangères","Tourisme / Environnement, Langues étrangères",,terrain,A,tourisme_environnement,False,tourisme_environnement
"Chimie, Biologie / Santé, Agriculture / Elevage, Agroalimentaire","Agroalimentaire, Agroalimentaire",,laboratoire,Autre,agroalimentaire,False,agroalimentaire
"Physique / Electronique, Physique / Electronique","Physique / Electronique, Physique / Electronique, Informatique / Programmation",,atelier,D,genie_industriel,False,genie_industriel
"Droit / Juridique, Langues étrangères","Droit / Juridique, Langues étrangères","Droit / Juridique, Langues étrangères",bureau,Autre,droit,False,droit
"Informatique / Programmation, Intelligence artificielle, Mathématiques, Intelligence artificielle","Mathématiques, Mathématiques","Intelligence artificielle, Intelligence artificielle",laboratoire,C,data_ia,False,data_ia
"Gestion / Entreprise, Intelligence artificielle, Réseaux / Systèmes, Communication",Multimédia / Design,"Mathématiques, Gestion / Entreprise",bureau,S,informatique_numerique,False,informatique_numerique
"Biologie / Santé, Agriculture / Elevage","Biologie / Santé, Agriculture / Elevage",,terrain,C,agriculture_elevage,False,agriculture_elevage
"Tourisme / Environnement, Communication","Hôtellerie / Accueil, Tourisme / Environnement, Hôtellerie / Accueil",Langues étrangères,contact_client,D,hotellerie_restauration,False,hotellerie_restauration
"Economie, Langues étrangères, Langues étrangères, Langues étrangères","Economie, Commerce / Marketing, Economie",Mathématiques,bureau,D,economie_management,False,economie_management
"Mathématiques, Finance / Comptabilité, Langues étrangères",Finance / Comptabilité,"Finance / Comptabilité, Mathématiques",laboratoire,Technique,finance_comptabilite,False,finance_comptabilite
"Statistiques / Données, Statistiques / Données, Statistiques / Données","Intelligence artificielle, Intelligence artificielle","Intelligence artificielle, Informatique / Programmation",bureau,S,data_ia,False,data_ia
"Tourisme / Environnement, Hôtellerie / Accueil","Tourisme / Environnement, Hôtellerie / Accueil, Hôtellerie / Accueil","Hôtellerie / Accueil, Hôtellerie / Accueil",contact_client,A,hotellerie_restauration,False,hotellerie_restauration
"Intelligence artificielle, Informatique / Programmation, Intelligence artificielle","Informatique / Programmation, Intelligence artificielle, Physique / Electronique","Physique / Electronique, Physique / Electronique",atelier,S,reseaux_electronique,False,reseaux_electronique
"Finance / Comptabilité, Mathématiques",Statistiques / Données,Finance / Comptabilité,bureau,D,finance_comptabilite,False,finance_comptabilite
"Finance / Comptabilité, Communication",Commerce / Marketing,"Commerce / Marketing, Commerce / Marketing",bureau,D,commerce_gestion,False,commerce_gestion
"Mathématiques, Mécanique / Industrie, Mines / Géologie","Mines / Géologie, Mines / Géologie","Mathématiques, Chimie",terrain,Autre,chimie_mines,False,chimie_mines
"Mécanique / Industrie, Mécanique / Industrie","Mathématiques, Mécanique / Industrie, Génie civil / Architecture","Mathématiques, Mécanique / Industrie",terrain,D,genie_civil,False,genie_civil
"Gestion / Entreprise, Informatique / Programmation",Réseaux / Systèmes,,bureau,S,informatique_numerique,False,informatique_numerique
"Chimie, Biologie / Santé, Pharmacie / Médicament","Chimie, Chimie","Chimie, Biologie / Santé",atelier,S,pharmacie_sante,False,pharmacie_sante
"Droit / Juridique, Langues étrangères","Droit / Juridique, Langues étrangères",,bureau,D,droit,False,droit
"Informatique / Programmation, Mathématiques, Physique / Electronique, Mécanique / Industrie","Mathématiques, Informatique / Programmation, Mathématiques",,atelier,S,genie_industriel,False,genie_industriel
"Droit / Juridique, Langues étrangères",Droit / Juridique,"Droit / Juridique, Langues étrangères",bureau,A,droit,False,droit
"Chimie, Chimie","Pharmacie / Médicament, Chimie","Pharmacie / Médicament, Biologie / Santé",laboratoire,C,pharmacie_sante,False,pharmacie_sante
"Biologie / Santé, Agriculture / Elevage","Biologie / Santé, Agriculture / Elevage",,terrain,S,agriculture_elevage,False,agriculture_elevage
"Droit / Juridique, Langues étrangères",Langues étrangères,Droit / Juridique,bureau,D,droit,False,droit
"Statistiques / Données, Mathématiques, Intelligence artificielle","Informatique / Programmation, Economie, Statistiques / Données","Statistiques / Données, Intelligence artificielle",atelier,C,data_ia,False,data_ia
"Statistiques / Données, Statistiques / Données, Mathématiques",Mathématiques,"Intelligence artificielle, Mathématiques",bureau,S,data_ia,False,data_ia
"Mathématiques, Mécanique / Industrie, Génie civil / Architecture","Mathématiques, Mécanique / Industrie, Génie civil / Architecture",Mécanique / Industrie,terrain,D,genie_civil,False,genie_civil
"Langues étrangères, Langues étrangères","Langues étrangères, Communication, Tourisme / Environnement",,contact_client,D,hotellerie_restauration,False,hotellerie_restauration
"Mathématiques, Mathématiques",Statistiques / Données,Economie,atelier,Autre,economie_management,False,economie_management
"Tourisme / Environnement, Langues étrangères","Tourisme / Environnement, Langues étrangères",,terrain,D,tourisme_environnement,True,finance_comptabilite
"Statistiques / Données, Multimédia / Design, Multimédia / Design","Informatique / Programmation, Mathématiques, Réseaux / Systèmes",Informatique / Programmation,bureau,S,informatique_numerique,False,informatique_numerique
"Droit / Juridique, Langues étrangères",Droit / Juridique,,bureau,A,droit,True,economie_management
"Chimie, Biologie / Santé, Pharmacie / Médicament","Chimie, Pharmacie / Médicament",,laboratoire,D,pharmacie_sante,False,pharmacie_sante
"Chimie, Pharmacie / Médicament","Pharmacie / Médicament, Pharmacie / Médicament","Chimie, Chimie",laboratoire,Autre,pharmacie_sante,False,pharmacie_sante
"Tourisme / Environnement, Langues étrangères","Tourisme / Environnement, Langues étrangères",Langues étrangères,bureau,A,tourisme_environnement,False,tourisme_environnement
"Réseaux / Systèmes, Réseaux / Systèmes",Physique / Electronique,,atelier,S,reseaux_electronique,False,reseaux_electronique
"Physique / Electronique, Informatique / Programmation, Réseaux / Systèmes",Réseaux / Systèmes,"Réseaux / Systèmes, Intelligence artificielle",atelier,D,reseaux_electronique,False,reseaux_electronique
"Pharmacie / Médicament, Pharmacie / Médicament","Chimie, Biologie / Santé, Pharmacie / Médicament",,laboratoire,S,pharmacie_sante,False,pharmacie_sante
"Informatique / Programmation, Physique / Electronique, Physique / Electronique",Mécanique / Industrie,,atelier,S,genie_industriel,False,genie_industriel
"Communication, Gestion / Entreprise, Economie, Commerce / Marketing",Commerce / Marketing,,bureau,Technique,commerce_gestion,False,commerce_gestion
"Pharmacie / Médicament, Chimie","Chimie, Biologie / Santé, Pharmacie / Médicament",,laboratoire,C,pharmacie_sante,False,pharmacie_sante
"Multimédia / Design, Intelligence artificielle",Gestion / Entreprise,Multimédia / Design,bureau,S,informatique_numerique,False,informatique_numerique
"Finance / Comptabilité, Commerce / Marketing, Commerce / Marketing",Finance / Comptabilité,Gestion / Entreprise,bureau,Technique,commerce_gestion,False,commerce_gestion
"Génie civil / Architecture, Génie civil / Architecture",Génie civil / Architecture,"Génie civil / Architecture, Génie civil / Architecture",terrain,D,genie_civil,False,genie_civil
"Biologie / Santé, Agriculture / Elevage",Biologie / Santé,,terrain,S,agriculture_elevage,False,agriculture_elevage
"Economie, Gestion / Entreprise, Commerce / Marketing, Commerce / Marketing",Mathématiques,,bureau,A,economie_management,False,economie_management
"Mécanique / Industrie, Physique / Electronique, Physique / Electronique","Physique / Electronique, Physique / Electronique, Mathématiques","Mathématiques, Mathématiques",bureau,S,genie_industriel,False,genie_industriel
"Mathématiques, Mathématiques, Langues étrangères, Finance / Comptabilité","Statistiques / Données, Finance / Comptabilité","Finance / Comptabilité, Gestion / Entreprise",bureau,A,finance_comptabilite,False,finance_comptabilite
"Chimie, Chimie",Mécanique / Industrie,"Mines / Géologie, Mines / Géologie",terrain,D,chimie_mines,False,chimie_mines
"Gestion / Entreprise, Statistiques / Données, Statistiques / Données, Langues étrangères","Gestion / Entreprise, Gestion / Entreprise, Mathématiques",Mathématiques,contact_client,D,finance_comptabilite,False,finance_comptabilite
"Communication, Hôtellerie / Accueil, Hôtellerie / Accueil","Hôtellerie / Accueil, Hôtellerie / Accueil, Hôtellerie / Accueil","Communication, Langues étrangères",contact_client,D,hotellerie_restauration,False,hotellerie_restauration
"Chimie, Biologie / Santé, Agriculture / Elevage, Agroalimentaire","Biologie / Santé, Biologie / Santé","Agroalimentaire, Agroalimentaire",laboratoire,S,agroalimentaire,False,agroalimentaire
"Commerce / Marketing, Langues étrangères, Commerce / Marketing, Langues étrangères","Commerce / Marketing, Communication, Economie","Gestion / Entreprise, Finance / Comptabilité",atelier,D,commerce_gestion,False,commerce_gestion
"Droit / Juridique, Langues étrangères","Droit / Juridique, Langues étrangères",,bureau,L,droit,False,droit
"Langues étrangères, Commerce / Marketing, Statistiques / Données","Mathématiques, Gestion / Entreprise",Commerce / Marketing,bureau,A,economie_management,False,economie_management
"Agroalimentaire, Biologie / Santé, Agroalimentaire",Agroalimentaire,Agroalimentaire,laboratoire,D,agroalimentaire,False,agroalimentaire
"Mathématiques, Informatique / Programmation, Mécanique / Industrie","Mathématiques, Mécanique / Industrie, Mathématiques","Physique / Electronique, Mathématiques",laboratoire,C,genie_industriel,False,genie_industriel
"Intelligence artificielle, Informatique / Programmation",Intelligence artificielle,"Statistiques / Données, Gestion / Entreprise",bureau,D,informatique_numerique,False,informatique_numerique
"Commerce / Marketing, Gestion / Entreprise, Economie","Langues étrangères, Gestion / Entreprise, Gestion / Entreprise",,bureau,D,commerce_gestion,False,commerce_gestion
"Chimie, Biologie / Santé, Pharmacie / Médicament","Biologie / Santé, Chimie",,laboratoire,C,pharmacie_sante,False,pharmacie_sante
"Gestion / Entreprise, Gestion / Entreprise, Economie","Mathématiques, Langues étrangères",,bureau,Technique,economie_management,False,economie_management
"Tourisme / Environnement, Langues étrangères","Tourisme / Environnement, Langues étrangères",Tourisme / Environnement,terrain,L,tourisme_environnement,False,tourisme_environnement
"Agroalimentaire, Agroalimentaire","Agriculture / Elevage, Chimie, Agroalimentaire",,laboratoire,D,agroalimentaire,False,agroalimentaire
"Biologie / Santé, Agriculture / Elevage","Biologie / Santé, Agriculture / Elevage",,terrain,S,agriculture_elevage,False,agriculture_elevage
"Informatique / Programmation, Mathématiques, Physique / Electronique, Mécanique / Industrie",Mathématiques,,atelier,S,genie_industriel,False,genie_industriel
"Gestion / Entreprise, Langues étrangères, Mathématiques","Mathématiques, Finance / Comptabilité, Finance / Comptabilité","Statistiques / Données, Finance / Comptabilité",bureau,A,finance_comptabilite,False,finance_comptabilite
"Mines / Géologie, Mines / Géologie",Physique / Electronique,Mécanique / Industrie,terrain,S,chimie_mines,False,chimie_mines
"Chimie, Agriculture / Elevage","Agriculture / Elevage, Agroalimentaire","Agroalimentaire, Agriculture / Elevage",laboratoire,D,agroalimentaire,False,agroalimentaire
"Langues étrangères, Gestion / Entreprise, Mathématiques","Mathématiques, Statistiques / Données","Finance / Comptabilité, Statistiques / Données",bureau,D,finance_comptabilite,False,finance_comptabilite
"Pharmacie / Médicament, Pharmacie / Médicament","Chimie, Biologie / Santé, Pharmacie / Médicament",Pharmacie / Médicament,laboratoire,D,pharmacie_sante,False,pharmacie_sante
"Economie, Commerce / Marketing, Economie, Gestion / Entreprise","Communication, Finance / Comptabilité, Gestion / Entreprise","Commerce / Marketing, Langues étrangères",bureau,Autre,commerce_gestion,True,finance_comptabilite
"Informatique / Programmation, Intelligence artificielle, Réseaux / Systèmes, Physique / Electronique",Informatique / Programmation,"Physique / Electronique, Réseaux / Systèmes",terrain,S,reseaux_electronique,True,chimie_mines
"Biologie / Santé, Agriculture / Elevage","Biologie / Santé, Agriculture / Elevage",,bureau,S,agriculture_elevage,False,agriculture_elevage
"Gestion / Entreprise, Gestion / Entreprise, Commerce / Marketing",Commerce / Marketing,,bureau,D,commerce_gestion,False,commerce_gestion
"Informatique / Programmation, Réseaux / Systèmes, Gestion / Entreprise, Réseaux / Systèmes",Gestion / Entreprise,Informatique / Programmation,bureau,S,informatique_numerique,False,informatique_numerique
"Economie, Informatique / Programmation","Informatique / Programmation, Economie","Intelligence artificielle, Statistiques / Données",bureau,D,data_ia,False,data_ia
"Communication, Multimédia / Design, Réseaux / Systèmes",Multimédia / Design,"Multimédia / Design, Mathématiques",bureau,Autre,informatique_numerique,True,reseaux_electronique
"Chimie, Biologie / Santé, Agriculture / Elevage, Agroalimentaire","Agroalimentaire, Biologie / Santé, Biologie / Santé",Biologie / Santé,laboratoire,Autre,agroalimentaire,True,agriculture_elevage
"Biologie / Santé, Agriculture / Elevage","Biologie / Santé, Agriculture / Elevage",,terrain,S,agriculture_elevage,False,agriculture_elevage
"Biologie / Santé, Agroalimentaire, Agroalimentaire","Chimie, Chimie, Chimie","Agriculture / Elevage, Agroalimentaire",laboratoire,S,agroalimentaire,False,agroalimentaire
"Commerce / Marketing, Commerce / Marketing","Commerce / Marketing, Commerce / Marketing, Gestion / Entreprise",Commerce / Marketing,bureau,Technique,commerce_gestion,False,commerce_gestion
"Gestion / Entreprise, Intelligence artificielle, Intelligence artificielle",Gestion / Entreprise,Informatique / Programmation,bureau,D,informatique_numerique,False,informatique_numerique
"Statistiques / Données, Statistiques / Données, Statistiques / Données","Intelligence artificielle, Mathématiques","Mathématiques, Informatique / Programmation",bureau,D,data_ia,False,data_ia
"Commerce / Marketing, Finance / Comptabilité","Communication, Commerce / Marketing","Economie, Gestion / Entreprise",bureau,D,commerce_gestion,False,commerce_gestion
"Informatique / Programmation, Statistiques / Données, Economie, Intelligence artificielle","Statistiques / Données, Informatique / Programmation",Statistiques / Données,laboratoire,S,data_ia,False,data_ia
"Agriculture / Elevage, Chimie, Chimie","Agriculture / Elevage, Agroalimentaire",,laboratoire,S,agroalimentaire,False,agroalimentaire
"Gestion / Entreprise, Finance / Comptabilité, Finance / Comptabilité, Gestion / Entreprise","Mathématiques, Statistiques / Données, Statistiques / Données",Mathématiques,bureau,D,finance_comptabilite,False,finance_comptabilite
"Finance / Comptabilité, Gestion / Entreprise","Gestion / Entreprise, Statistiques / Données, Finance / Comptabilité",Mathématiques,laboratoire,A,finance_comptabilite,False,finance_comptabilite
"Agroalimentaire, Biologie / Santé",Biologie / Santé,Chimie,laboratoire,S,agroalimentaire,False,agroalimentaire
"Biologie / Santé, Agriculture / Elevage","Biologie / Santé, Agriculture / Elevage","Biologie / Santé, Agriculture / Elevage",terrain,S,agriculture_elevage,False,agriculture_elevage
"Chimie, Biologie / Santé",Agroalimentaire,"Biologie / Santé, Agroalimentaire",laboratoire,Autre,agroalimentaire,False,agroalimentaire
"Chimie, Biologie / Santé, Pharmacie / Médicament","Chimie, Biologie / Santé, Pharmacie / Médicament",Biologie / Santé,laboratoire,S,pharmacie_sante,False,pharmacie_sante
"Tourisme / Environnement, Langues étrangères",Langues étrangères,,terrain,D,tourisme_environnement,False,tourisme_environnement
"Communication, Hôtellerie / Accueil","Langues étrangères, Hôtellerie / Accueil","Hôtellerie / Accueil, Langues étrangères",contact_client,A,hotellerie_restauration,True,droit
"Mathématiques, Mécanique / Industrie, Génie civil / Architecture","Génie civil / Architecture, Mathématiques",,terrain,S,genie_civil,False,genie_civil
"Biologie / Santé, Agriculture / Elevage",Biologie / Santé,Agriculture / Elevage,terrain,C,agriculture_elevage,False,agriculture_elevage
"Informatique / Programmation, Mathématiques, Intelligence artificielle, Mathématiques","Intelligence artificielle, Intelligence artificielle, Statistiques / Données",Statistiques / Données,bureau,S,data_ia,False,data_ia
"Tourisme / Environnement, Langues étrangères","Tourisme / Environnement, Langues étrangères",,terrain,A,tourisme_environnement,False,tourisme_environnement
"Tourisme / Environnement, Langues étrangères","Tourisme / Environnement, Langues étrangères",,terrain,A,tourisme_environnement,False,tourisme_environnement
"Chimie, Chimie, Mécanique / Industrie","Mathématiques, Mécanique / Industrie, Mines / Géologie","Physique / Electronique, Mines / Géologie",contact_client,C,chimie_mines,False,chimie_mines
"Biologie / Santé, Agriculture / Elevage","Biologie / Santé, Agriculture / Elevage","Biologie / Santé, Agriculture / Elevage",terrain,S,agriculture_elevage,False,agriculture_elevage
"Physique / Electronique, Physique / Electronique","Réseaux / Systèmes, Physique / Electronique, Réseaux / Systèmes","Réseaux / Systèmes, Physique / Electronique",atelier,S,reseaux_electronique,False,reseaux_electronique
"Intelligence artificielle, Economie, Mathématiques","Statistiques / Données, Informatique / Programmation","Mathématiques, Informatique / Programmation",atelier,D,data_ia,False,data_ia
"Chimie, Biologie / Santé, Pharmacie / Médicament","Chimie, Biologie / Santé, Pharmacie / Médicament","Chimie, Pharmacie / Médicament",laboratoire,Autre,pharmacie_sante,False,pharmacie_sante
"Langues étrangères, Communication, Communication, Finance / Comptabilité","Langues étrangères, Commerce / Marketing, Langues étrangères","Commerce / Marketing, Finance / Comptabilité",bureau,D,commerce_gestion,False,commerce_gestion
"Hôtellerie / Accueil, Communication","Hôtellerie / Accueil, Hôtellerie / Accueil, Hôtellerie / Accueil",,laboratoire,L,hotellerie_restauration,False,hotellerie_restauration
"Physique / Electronique, Réseaux / Systèmes","Réseaux / Systèmes, Réseaux / Systèmes, Intelligence artificielle","Physique / Electronique, Réseaux / Systèmes",atelier,S,reseaux_electronique,True,informatique_numerique
"Informatique / Programmation, Informatique / Programmation, Intelligence artificielle, Multimédia / Design","Informatique / Programmation, Informatique / Programmation, Gestion / Entreprise","Communication, Mathématiques",bureau,S,informatique_numerique,False,informatique_numerique
"Biologie / Santé, Agriculture / Elevage","Biologie / Santé, Agriculture / Elevage","Biologie / Santé, Agriculture / Elevage",terrain,D,agriculture_elevage,False,agriculture_elevage
"Hôtellerie / Accueil, Communication, Communication","Tourisme / Environnement, Tourisme / Environnement",,contact_client,Technique,hotellerie_restauration,False,hotellerie_restauration
"Chimie, Mines / Géologie, Physique / Electronique","Mines / Géologie, Mécanique / Industrie, Chimie",,terrain,S,chimie_mines,False,chimie_mines
"Biologie / Santé, Agriculture / Elevage","Biologie / Santé, Agriculture / Elevage",,terrain,S,agriculture_elevage,False,agriculture_elevage
"Commerce / Marketing, Gestion / Entreprise",Commerce / Marketing,"Gestion / Entreprise, Gestion / Entreprise",bureau,D,commerce_gestion,False,commerce_gestion
"Mathématiques, Langues étrangères, Statistiques / Données, Mathématiques",Finance / Comptabilité,Langues étrangères,atelier,A,finance_comptabilite,False,finance_comptabilite
"Physique / Electronique, Informatique / Programmation, Physique / Electronique","Physique / Electronique, Informatique / Programmation, Mécanique / Industrie",,laboratoire,S,genie_industriel,False,genie_industriel
"Economie, Finance / Comptabilité, Commerce / Marketing","Gestion / Entreprise, Communication",Communication,bureau,D,commerce_gestion,False,commerce_gestion
"Biologie / Santé, Agriculture / Elevage","Biologie / Santé, Agriculture / Elevage","Biologie / Santé, Agriculture / Elevage",terrain,S,agriculture_elevage,False,agriculture_elevage
"Langues étrangères, Statistiques / Données, Statistiques / Données","Statistiques / Données, Finance / Comptabilité, Finance / Comptabilité",Gestion / Entreprise,bureau,D,finance_comptabilite,False,finance_comptabilite
"Chimie, Biologie / Santé, Pharmacie / Médicament",Biologie / Santé,"Chimie, Pharmacie / Médicament",laboratoire,S,pharmacie_sante,False,pharmacie_sante
"Informatique / Programmation, Réseaux / Systèmes","Physique / Electronique, Informatique / Programmation","Informatique / Programmation, Physique / Electronique",atelier,D,reseaux_electronique,False,reseaux_electronique
"Mines / Géologie, Mines / Géologie","Mécanique / Industrie, Chimie, Mécanique / Industrie","Mines / Géologie, Mécanique / Industrie",terrain,Autre,chimie_mines,False,chimie_mines
"Communication, Langues étrangères","Communication, Finance / Comptabilité",,bureau,L,commerce_gestion,False,commerce_gestion
"Chimie, Mines / Géologie, Mines / Géologie","Mines / Géologie, Mines / Géologie, Physique / Electronique",Mathématiques,terrain,S,chimie_mines,False,chimie_mines
"Chimie, Biologie / Santé, Pharmacie / Médicament",Biologie / Santé,"Pharmacie / Médicament, Chimie",laboratoire,C,pharmacie_sante,True,chimie_mines
"Droit / Juridique, Langues étrangères","Droit / Juridique, Langues étrangères",Droit / Juridique,bureau,D,droit,True,economie_management
"Finance / Comptabilité, Finance / Comptabilité, Langues étrangères","Gestion / Entreprise, Gestion / Entreprise, Finance / Comptabilité",Mathématiques,terrain,A,finance_comptabilite,False,finance_comptabilite
"Biologie / Santé, Agriculture / Elevage",Biologie / Santé,,laboratoire,S,agroalimentaire,False,agroalimentaire
"Communication, Tourisme / Environnement, Hôtellerie / Accueil, Langues étrangères","Hôtellerie / Accueil, Communication, Hôtellerie / Accueil",Hôtellerie / Accueil,contact_client,D,hotellerie_restauration,False,hotellerie_restauration
"Commerce / Marketing, Commerce / Marketing","Gestion / Entreprise, Communication",Economie,bureau,Technique,commerce_gestion,False,commerce_gestion
"Mathématiques, Mécanique / Industrie, Génie civil / Architecture","Génie civil / Architecture, Mathématiques","Génie civil / Architecture, Mécanique / Industrie",terrain,S,genie_civil,False,genie_civil
"Intelligence artificielle, Communication, Communication",Gestion / Entreprise,Réseaux / Systèmes,bureau,D,informatique_numerique,False,informatique_numerique
"Finance / Comptabilité, Finance / Comptabilité, Finance / Comptabilité","Finance / Comptabilité, Finance / Comptabilité, Finance / Comptabilité",,bureau,A,finance_comptabilite,False,finance_comptabilite
"Chimie, Agriculture / Elevage","Biologie / Santé, Biologie / Santé, Agroalimentaire",,laboratoire,S,agroalimentaire,False,agroalimentaire
"Economie, Statistiques / Données, Economie","Statistiques / Données, Mathématiques",,terrain,D,economie_management,False,economie_management
"Droit / Juridique, Langues étrangères","Droit / Juridique, Langues étrangères",Droit / Juridique,bureau,A,droit,False,droit
"Communication, Tourisme / Environnement, Hôtellerie / Accueil, Langues étrangères","Hôtellerie / Accueil, Communication, Hôtellerie / Accueil",,contact_client,D,hotellerie_restauration,False,hotellerie_restauration
"Tourisme / Environnement, Langues étrangères","Tourisme / Environnement, Langues étrangères","Tourisme / Environnement, Langues étrangères",terrain,A,tourisme_environnement,False,tourisme_environnement
"Pharmacie / Médicament, Biologie / Santé","Chimie, Chimie","Biologie / Santé, Pharmacie / Médicament",laboratoire,C,pharmacie_sante,False,pharmacie_sante
"Chimie, Biologie / Santé, Pharmacie / Médicament",Chimie,,laboratoire,Autre,pharmacie_sante,False,pharmacie_sante
"Commerce / Marketing, Langues étrangères, Mathématiques, Commerce / Marketing","Commerce / Marketing, Economie",,bureau,A,economie_management,False,economie_management
"Communication, Tourisme / Environnement, Hôtellerie / Accueil, Langues étrangères","Tourisme / Environnement, Langues étrangères","Langues étrangères, Langues étrangères",contact_client,Technique,hotellerie_restauration,False,hotellerie_restauration
"Chimie, Biologie / Santé, Pharmacie / Médicament","Chimie, Biologie / Santé, Pharmacie / Médicament",Biologie / Santé,contact_client,C,pharmacie_sante,False,pharmacie_sante
"Tourisme / Environnement, Hôtellerie / Accueil, Hôtellerie / Accueil",Hôtellerie / Accueil,,contact_client,A,hotellerie_restauration,False,hotellerie_restauration
"Droit / Juridique, Langues étrangères","Droit / Juridique, Langues étrangères",,bureau,A,droit,False,droit
"Informatique / Programmation, Intelligence artificielle, Réseaux / Systèmes, Physique / Electronique","Informatique / Programmation, Réseaux / Systèmes",,atelier,Autre,reseaux_electronique,False,reseaux_electronique
"Droit / Juridique, Langues étrangères","Droit / Juridique, Langues étrangères",,bureau,L,droit,False,droit
"Chimie, Chimie",Biologie / Santé,"Pharmacie / Médicament, Chimie",terrain,S,pharmacie_sante,False,pharmacie_sante
"Hôtellerie / Accueil, Langues étrangères, Communication","Hôtellerie / Accueil, Communication, Tourisme / Environnement",,contact_client,A,hotellerie_restauration,False,hotellerie_restauration
"Physique / Electronique, Chimie","Mines / Géologie, Mines / Géologie, Mécanique / Industrie",Mathématiques,laboratoire,D,chimie_mines,False,chimie_mines
"Commerce / Marketing, Commerce / Marketing",Commerce / Marketing,"Economie, Commerce / Marketing",bureau,D,commerce_gestion,False,commerce_gestion
"Communication, Tourisme / Environnement, Hôtellerie / Accueil, Langues étrangères","Communication, Communication, Hôtellerie / Accueil",,contact_client,D,hotellerie_restauration,False,hotellerie_restauration
"Tourisme / Environnement, Hôtellerie / Accueil, Hôtellerie / Accueil","Langues étrangères, Communication","Hôtellerie / Accueil, Langues étrangères",contact_client,A,hotellerie_restauration,False,hotellerie_restauration
"Mathématiques, Mécanique / Industrie, Génie civil / Architecture","Mathématiques, Mécanique / Industrie",Mécanique / Industrie,bureau,Autre,genie_civil,False,genie_civil
"Mathématiques, Gestion / Entreprise","Finance / Comptabilité, Langues étrangères, Mathématiques","Statistiques / Données, Langues étrangères",bureau,D,finance_comptabilite,False,finance_comptabilite
"Agroalimentaire, Chimie, Chimie","Agroalimentaire, Agroalimentaire","Chimie, Biologie / Santé",bureau,D,agroalimentaire,False,agroalimentaire
"Finance / Comptabilité, Commerce / Marketing, Commerce / Marketing, Economie","Commerce / Marketing, Economie, Commerce / Marketing","Communication, Commerce / Marketing",bureau,A,commerce_gestion,False,commerce_gestion
"Chimie, Biologie / Santé, Agriculture / Elevage, Agroalimentaire","Agroalimentaire, Agroalimentaire",,laboratoire,Autre,agroalimentaire,False,agroalimentaire
"Statistiques / Données, Finance / Comptabilité, Gestion / Entreprise","Mathématiques, Finance / Comptabilité","Gestion / Entreprise, Langues étrangères",bureau,A,finance_comptabilite,False,finance_comptabilite
"Intelligence artificielle, Gestion / Entreprise, Gestion / Entreprise","Multimédia / Design, Réseaux / Systèmes, Statistiques / Données",,bureau,S,informatique_numerique,False,informatique_numerique
"Chimie, Biologie / Santé, Pharmacie / Médicament","Chimie, Pharmacie / Médicament","Pharmacie / Médicament, Biologie / Santé",laboratoire,S,pharmacie_sante,False,pharmacie_sante
"Tourisme / Environnement, Langues étrangères",Tourisme / Environnement,Tourisme / Environnement,terrain,A,tourisme_environnement,False,tourisme_environnement
"Mathématiques, Gestion / Entreprise, Economie, Economie","Mathématiques, Economie, Gestion / Entreprise",,bureau,Technique,economie_management,False,economie_management
"Tourisme / Environnement, Hôtellerie / Accueil","Hôtellerie / Accueil, Communication","Hôtellerie / Accueil, Tourisme / Environnement",contact_client,L,hotellerie_restauration,False,hotellerie_restauration
"Biologie / Santé, Chimie","Agroalimentaire, Agroalimentaire, Biologie / Santé","Biologie / Santé, Agriculture / Elevage",laboratoire,Autre,agroalimentaire,False,agroalimentaire
"Informatique / Programmation, Communication, Informatique / Programmation",Réseaux / Systèmes,"Communication, Informatique / Programmation",bureau,S,informatique_numerique,False,informatique_numerique
"Communication, Informatique / Programmation, Gestion / Entreprise, Mathématiques",Réseaux / Systèmes,,bureau,S,informatique_numerique,False,informatique_numerique
"Economie, Mathématiques","Gestion / Entreprise, Mathématiques",,bureau,D,economie_management,False,economie_management
"Gestion / Entreprise, Finance / Comptabilité",Commerce / Marketing,Langues étrangères,bureau,L,commerce_gestion,False,commerce_gestion
"Chimie, Biologie / Santé, Pharmacie / Médicament","Chimie, Biologie / Santé, Pharmacie / Médicament","Chimie, Biologie / Santé",atelier,S,pharmacie_sante,False,pharmacie_sante
"Réseaux / Systèmes, Intelligence artificielle, Réseaux / Systèmes",Réseaux / Systèmes,Physique / Electronique,terrain,S,reseaux_electronique,False,reseaux_electronique
"Intelligence artificielle, Physique / Electronique, Réseaux / Systèmes","Réseaux / Systèmes, Physique / Electronique, Informatique / Programmation","Informatique / Programmation, Intelligence artificielle",atelier,Autre,reseaux_electronique,False,reseaux_electronique
"Langues étrangères, Communication, Tourisme / Environnement","Hôtellerie / Accueil, Communication",,contact_client,Autre,hotellerie_restauration,False,hotellerie_restauration
"Finance / Comptabilité, Mathématiques, Statistiques / Données","Mathématiques, Finance / Comptabilité, Mathématiques",Langues étrangères,bureau,A,finance_comptabilite,False,finance_comptabilite
"Finance / Comptabilité, Finance / Comptabilité",Commerce / Marketing,"Communication, Commerce / Marketing",atelier,A,commerce_gestion,False,commerce_gestion
"Droit / Juridique, Langues étrangères",Langues étrangères,"Droit / Juridique, Langues étrangères",bureau,L,droit,False,droit
"Chimie, Agroalimentaire, Agroalimentaire","Biologie / Santé, Chimie",,laboratoire,Autre,agroalimentaire,False,agroalimentaire
"Informatique / Programmation, Statistiques / Données, Informatique / Programmation, Mathématiques","Statistiques / Données, Informatique / Programmation",Intelligence artificielle,bureau,C,data_ia,False,data_ia
"Tourisme / Environnement, Langues étrangères","Tourisme / Environnement, Langues étrangères",,terrain,D,tourisme_environnement,False,tourisme_environnement
"Droit / Juridique, Langues étrangères","Droit / Juridique, Langues étrangères",Langues étrangères,bureau,D,droit,False,droit
"Informatique / Programmation, Statistiques / Données",Intelligence artificielle,"Intelligence artificielle, Mathématiques",bureau,D,data_ia,False,data_ia
"Gestion / Entreprise, Commerce / Marketing","Mathématiques, Economie, Gestion / Entreprise",,atelier,Autre,economie_management,False,economie_management
"Tourisme / Environnement, Langues étrangères",Tourisme / Environnement,"Tourisme / Environnement, Langues étrangères",terrain,D,tourisme_environnement,False,tourisme_environnement
"Informatique / Programmation, Mathématiques, Physique / Electronique, Mécanique / Industrie","Physique / Electronique, Mécanique / Industrie, Physique / Electronique",Physique / Electronique,bureau,D,genie_industriel,False,genie_industriel
"Informatique / Programmation, Réseaux / Systèmes, Informatique / Programmation","Informatique / Programmation, Physique / Electronique",,atelier,S,reseaux_electronique,False,reseaux_electronique
"Droit / Juridique, Langues étrangères","Droit / Juridique, Langues étrangères","Droit / Juridique, Langues étrangères",bureau,D,droit,False,droit
"Gestion / Entreprise, Multimédia / Design, Informatique / Programmation, Intelligence artificielle","Informatique / Programmation, Intelligence artificielle, Gestion / Entreprise",Réseaux / Systèmes,bureau,S,informatique_numerique,False,informatique_numerique
"Tourisme / Environnement, Langues étrangères","Tourisme / Environnement, Langues étrangères",Langues étrangères,terrain,L,tourisme_environnement,False,tourisme_environnement
"Biologie / Santé, Agriculture / Elevage",Agriculture / Elevage,Biologie / Santé,terrain,D,agriculture_elevage,False,agriculture_elevage
"Tourisme / Environnement, Langues étrangères",Tourisme / Environnement,Tourisme / Environnement,terrain,A,tourisme_environnement,False,tourisme_environnement
"Biologie / Santé, Agriculture / Elevage",Biologie / Santé,Agriculture / Elevage,terrain,D,agriculture_elevage,False,agriculture_elevage
"Langues étrangères, Mathématiques, Statistiques / Données","Langues étrangères, Gestion / Entreprise",,bureau,Technique,economie_management,False,economie_management
"Hôtellerie / Accueil, Tourisme / Environnement","Communication, Tourisme / Environnement",Tourisme / Environnement,contact_client,A,hotellerie_restauration,False,hotellerie_restauration
"Mathématiques, Mécanique / Industrie, Génie civil / Architecture","Mathématiques, Mécanique / Industrie, Génie civil / Architecture",,terrain,D,genie_civil,True,economie_management
"Tourisme / Environnement, Hôtellerie / Accueil","Langues étrangères, Hôtellerie / Accueil",,contact_client,Technique,hotellerie_restauration,False,hotellerie_restauration
"Mécanique / Industrie, Chimie, Physique / Electronique, Mines / Géologie",Mines / Géologie,Mécanique / Industrie,terrain,S,chimie_mines,False,chimie_mines
"Tourisme / Environnement, Communication, Hôtellerie / Accueil","Tourisme / Environnement, Communication, Communication",Tourisme / Environnement,contact_client,A,hotellerie_restauration,False,hotellerie_restauration
"Génie civil / Architecture, Mécanique / Industrie","Génie civil / Architecture, Mathématiques","Mécanique / Industrie, Génie civil / Architecture",terrain,S,genie_civil,False,genie_civil
"Informatique / Programmation, Intelligence artificielle, Réseaux / Systèmes, Physique / Electronique",Informatique / Programmation,,atelier,S,reseaux_electronique,False,reseaux_electronique
"Chimie, Biologie / Santé, Pharmacie / Médicament",Pharmacie / Médicament,Chimie,laboratoire,S,pharmacie_sante,False,pharmacie_sante
"Gestion / Entreprise, Economie, Mathématiques","Mathématiques, Economie, Gestion / Entreprise",,bureau,Autre,economie_management,False,economie_management
"Langues étrangères, Hôtellerie / Accueil","Langues étrangères, Tourisme / Environnement, Tourisme / Environnement",Hôtellerie / Accueil,contact_client,D,hotellerie_restauration,False,hotellerie_restauration
"Economie, Gestion / Entreprise",Economie,"Gestion / Entreprise, Economie",bureau,A,economie_management,False,economie_management
"Gestion / Entreprise, Finance / Comptabilité, Mathématiques, Finance / Comptabilité","Finance / Comptabilité, Mathématiques, Mathématiques",Finance / Comptabilité,atelier,L,finance_comptabilite,False,finance_comptabilite
"Intelligence artificielle, Statistiques / Données, Statistiques / Données, Mathématiques","Statistiques / Données, Informatique / Programmation, Intelligence artificielle","Mathématiques, Mathématiques",bureau,S,data_ia,False,data_ia
"Chimie, Biologie / Santé, Pharmacie / Médicament",Biologie / Santé,,laboratoire,S,pharmacie_sante,False,pharmacie_sante
"Economie, Statistiques / Données, Statistiques / Données","Statistiques / Données, Intelligence artificielle",Intelligence artificielle,bureau,S,data_ia,False,data_ia
"Biologie / Santé, Agriculture / Elevage","Biologie / Santé, Agriculture / Elevage",Agriculture / Elevage,terrain,S,agriculture_elevage,False,agriculture_elevage
"Pharmacie / Médicament, Pharmacie / Médicament","Chimie, Biologie / Santé, Pharmacie / Médicament","Biologie / Santé, Chimie",terrain,S,pharmacie_sante,False,pharmacie_sante
"Physique / Electronique, Intelligence artificielle","Réseaux / Systèmes, Informatique / Programmation",Intelligence artificielle,laboratoire,S,reseaux_electronique,False,reseaux_electronique
"Mathématiques, Chimie, Mathématiques, Chimie","Mines / Géologie, Mines / Géologie",,terrain,S,chimie_mines,True,agroalimentaire
"Chimie, Biologie / Santé",Agriculture / Elevage,Agriculture / Elevage,laboratoire,D,agroalimentaire,False,agroalimentaire
"Mathématiques, Intelligence artificielle","Gestion / Entreprise, Intelligence artificielle, Réseaux / Systèmes",,bureau,C,informatique_numerique,False,informatique_numerique
"Tourisme / Environnement, Langues étrangères","Tourisme / Environnement, Langues étrangères",Langues étrangères,terrain,A,tourisme_environnement,True,hotellerie_restauration
"Agriculture / Elevage, Agriculture / Elevage",Chimie,Agroalimentaire,laboratoire,D,agroalimentaire,False,agroalimentaire
"Chimie, Biologie / Santé, Agriculture / Elevage, Agroalimentaire","Agroalimentaire, Biologie / Santé, Agroalimentaire",Chimie,bureau,D,agroalimentaire,False,agroalimentaire
"Commerce / Marketing, Langues étrangères, Economie",Statistiques / Données,Gestion / Entreprise,bureau,Autre,economie_management,False,economie_management
"Biologie / Santé, Agriculture / Elevage","Biologie / Santé, Agriculture / Elevage",,terrain,S,agriculture_elevage,False,agriculture_elevage
"Informatique / Programmation, Mécanique / Industrie","Physique / Electronique, Mécanique / Industrie",Mécanique / Industrie,atelier,C,genie_industriel,False,genie_industriel
"Langues étrangères, Finance / Comptabilité, Langues étrangères","Gestion / Entreprise, Communication",Commerce / Marketing,bureau,A,commerce_gestion,False,commerce_gestion
"Commerce / Marketing, Mathématiques, Commerce / Marketing",Gestion / Entreprise,,atelier,Technique,economie_management,False,economie_management
"Finance / Comptabilité, Langues étrangères, Commerce / Marketing",Gestion / Entreprise,"Economie, Communication",terrain,D,commerce_gestion,False,commerce_gestion
"Informatique / Programmation, Intelligence artificielle, Réseaux / Systèmes, Physique / Electronique","Physique / Electronique, Physique / Electronique, Physique / Electronique","Réseaux / Systèmes, Réseaux / Systèmes",atelier,S,reseaux_electronique,False,reseaux_electronique
"Informatique / Programmation, Mathématiques, Physique / Electronique, Mécanique / Industrie",Mécanique / Industrie,,atelier,Autre,genie_industriel,False,genie_industriel
"Droit / Juridique, Langues étrangères",Droit / Juridique,,bureau,D,droit,False,droit
"Chimie, Chimie, Mines / Géologie, Mécanique / Industrie","Mathématiques, Physique / Electronique",Mécanique / Industrie,laboratoire,S,chimie_mines,False,chimie_mines
"Biologie / Santé, Agriculture / Elevage","Biologie / Santé, Agriculture / Elevage","Biologie / Santé, Agriculture / Elevage",terrain,S,agriculture_elevage,False,agriculture_elevage
"Mécanique / Industrie, Mathématiques",Génie civil / Architecture,,terrain,S,genie_civil,False,genie_civil
"Statistiques / Données, Gestion / Entreprise, Mathématiques, Mathématiques","Economie, Commerce / Marketing, Economie",,bureau,Technique,economie_management,False,economie_management
"Mathématiques, Mathématiques, Informatique / Programmation",Multimédia / Design,"Intelligence artificielle, Intelligence artificielle",contact_client,D,informatique_numerique,True,economie_management
"Tourisme / Environnement, Langues étrangères","Tourisme / Environnement, Langues étrangères","Tourisme / Environnement, Langues étrangères",terrain,D,tourisme_environnement,False,tourisme_environnement
"Informatique / Programmation, Intelligence artificielle, Réseaux / Systèmes, Physique / Electronique","Informatique / Programmation, Réseaux / Systèmes, Intelligence artificielle","Informatique / Programmation, Informatique / Programmation",atelier,C,reseaux_electronique,False,reseaux_electronique
"Informatique / Programmation, Mathématiques, Physique / Electronique, Mécanique / Industrie","Mécanique / Industrie, Mécanique / Industrie, Informatique / Programmation",Mécanique / Industrie,atelier,D,genie_industriel,False,genie_industriel
"Droit / Juridique, Langues étrangères","Droit / Juridique, Langues étrangères",,atelier,A,droit,False,droit
"Hôtellerie / Accueil, Communication",Hôtellerie / Accueil,"Hôtellerie / Accueil, Tourisme / Environnement",contact_client,D,hotellerie_restauration,False,hotellerie_restauration
"Gestion / Entreprise, Gestion / Entreprise",Economie,,bureau,Technique,economie_management,False,economie_management
"Chimie, Biologie / Santé, Pharmacie / Médicament","Chimie, Biologie / Santé, Pharmacie / Médicament",Pharmacie / Médicament,laboratoire,S,pharmacie_sante,False,pharmacie_sante
"Biologie / Santé, Pharmacie / Médicament","Chimie, Biologie / Santé, Pharmacie / Médicament",Biologie / Santé,laboratoire,S,pharmacie_sante,False,pharmacie_sante
"Mathématiques, Mathématiques","Mathématiques, Intelligence artificielle, Statistiques / Données",Mathématiques,bureau,D,data_ia,False,data_ia
"Informatique / Programmation, Mathématiques, Physique / Electronique, Mécanique / Industrie","Mécanique / Industrie, Mécanique / Industrie, Mécanique / Industrie","Physique / Electronique, Mécanique / Industrie",terrain,Autre,genie_industriel,False,genie_industriel
"Finance / Comptabilité, Mathématiques, Statistiques / Données","Mathématiques, Mathématiques",,atelier,A,finance_comptabilite,False,finance_comptabilite
"Chimie, Mécanique / Industrie","Mines / Géologie, Mines / Géologie, Chimie",,contact_client,C,chimie_mines,True,agroalimentaire
"Gestion / Entreprise, Statistiques / Données",Finance / Comptabilité,Finance / Comptabilité,bureau,D,finance_comptabilite,False,finance_comptabilite
"Droit / Juridique, Langues étrangères","Droit / Juridique, Langues étrangères",Langues étrangères,contact_client,A,droit,False,droit
"Mathématiques, Mécanique / Industrie, Génie civil / Architecture","Mathématiques, Mathématiques",,terrain,S,genie_civil,False,genie_civil
"Droit / Juridique, Langues étrangères",Langues étrangères,,bureau,D,droit,True,hotellerie_restauration
"Informatique / Programmation, Informatique / Programmation","Informatique / Programmation, Informatique / Programmation",,bureau,Autre,data_ia,False,data_ia
"Chimie, Biologie / Santé, Pharmacie / Médicament","Chimie, Biologie / Santé, Pharmacie / Médicament","Pharmacie / Médicament, Biologie / Santé",laboratoire,D,pharmacie_sante,False,pharmacie_sante
"Gestion / Entreprise, Commerce / Marketing",Finance / Comptabilité,"Commerce / Marketing, Economie",bureau,D,commerce_gestion,False,commerce_gestion
"Chimie, Biologie / Santé, Agriculture / Elevage, Agroalimentaire",Chimie,Chimie,laboratoire,Autre,agroalimentaire,False,agroalimentaire
"Agroalimentaire, Chimie",Agroalimentaire,Agroalimentaire,terrain,D,agroalimentaire,False,agroalimentaire
"Informatique / Programmation, Physique / Electronique",Intelligence artificielle,"Physique / Electronique, Informatique / Programmation",atelier,D,reseaux_electronique,False,reseaux_electronique
"Chimie, Chimie","Chimie, Agroalimentaire, Agroalimentaire","Biologie / Santé, Chimie",laboratoire,S,agroalimentaire,False,agroalimentaire
"Hôtellerie / Accueil, Hôtellerie / Accueil, Hôtellerie / Accueil",Langues étrangères,"Tourisme / Environnement, Hôtellerie / Accueil",contact_client,D,hotellerie_restauration,True,droit
"Mécanique / Industrie, Mathématiques","Mécanique / Industrie, Mines / Géologie","Chimie, Chimie",terrain,S,chimie_mines,False,chimie_mines
"Chimie, Biologie / Santé, Agriculture / Elevage, Agroalimentaire",Agroalimentaire,Biologie / Santé,laboratoire,C,agroalimentaire,False,agroalimentaire
"Communication, Multimédia / Design, Communication","Gestion / Entreprise, Gestion / Entreprise","Mathématiques, Multimédia / Design",bureau,D,informatique_numerique,False,informatique_numerique
"Mathématiques, Mécanique / Industrie, Génie civil / Architecture",Mécanique / Industrie,"Génie civil / Architecture, Mathématiques",terrain,S,genie_civil,False,genie_civil
"Droit / Juridique, Langues étrangères","Droit / Juridique, Langues étrangères",,bureau,D,droit,False,droit
"Economie, Informatique / Programmation","Intelligence artificielle, Mathématiques","Statistiques / Données, Informatique / Programmation",bureau,D,data_ia,False,data_ia
"Génie civil / Architecture, Mécanique / Industrie","Mathématiques, Mécanique / Industrie, Génie civil / Architecture",Mathématiques,contact_client,D,genie_civil,False,genie_civil
"Gestion / Entreprise, Mathématiques","Mathématiques, Statistiques / Données",Mathématiques,bureau,A,economie_management,False,economie_management
"Chimie, Biologie / Santé, Pharmacie / Médicament","Chimie, Biologie / Santé, Pharmacie / Médicament",,laboratoire,D,pharmacie_sante,False,pharmacie_sante
"Tourisme / Environnement, Langues étrangères","Tourisme / Environnement, Langues étrangères",,terrain,Autre,tourisme_environnement,False,tourisme_environnement
"Chimie, Biologie / Santé, Pharmacie / Médicament",Pharmacie / Médicament,,laboratoire,C,pharmacie_sante,False,pharmacie_sante
"Gestion / Entreprise, Gestion / Entreprise, Gestion / Entreprise, Finance / Comptabilité",Statistiques / Données,Statistiques / Données,contact_client,L,finance_comptabilite,False,finance_comptabilite
"Informatique / Programmation, Mathématiques, Physique / Electronique, Mécanique / Industrie","Mécanique / Industrie, Mécanique / Industrie","Physique / Electronique, Physique / Electronique",bureau,S,genie_industriel,False,genie_industriel
"Commerce / Marketing, Finance / Comptabilité",Finance / Comptabilité,,bureau,A,commerce_gestion,False,commerce_gestion
"Commerce / Marketing, Langues étrangères, Commerce / Marketing","Gestion / Entreprise, Economie, Commerce / Marketing",Finance / Comptabilité,bureau,A,commerce_gestion,False,commerce_gestion
"Gestion / Entreprise, Gestion / Entreprise","Gestion / Entreprise, Langues étrangères",Mathématiques,contact_client,D,economie_management,False,economie_management
"Finance / Comptabilité, Commerce / Marketing, Langues étrangères, Langues étrangères",Finance / Comptabilité,Gestion / Entreprise,bureau,Technique,commerce_gestion,False,commerce_gestion
"Tourisme / Environnement, Langues étrangères",Tourisme / Environnement,Langues étrangères,terrain,A,tourisme_environnement,False,tourisme_environnement
"Mathématiques, Informatique / Programmation, Mathématiques","Intelligence artificielle, Statistiques / Données",Intelligence artificielle,terrain,D,data_ia,False,data_ia
"Informatique / Programmation, Mathématiques, Physique / Electronique, Mécanique / Industrie","Physique / Electronique, Mécanique / Industrie","Informatique / Programmation, Physique / Electronique",atelier,D,genie_industriel,False,genie_industriel
"Multimédia / Design, Réseaux / Systèmes, Informatique / Programmation",Informatique / Programmation,,bureau,D,informatique_numerique,False,informatique_numerique
"Informatique / Programmation, Intelligence artificielle, Réseaux / Systèmes, Physique / Electronique","Physique / Electronique, Réseaux / Systèmes","Physique / Electronique, Physique / Electronique",atelier,S,reseaux_electronique,False,reseaux_electronique
"Génie civil / Architecture, Génie civil / Architecture","Mathématiques, Génie civil / Architecture",,terrain,C,genie_civil,False,genie_civil
"Réseaux / Systèmes, Informatique / Programmation, Physique / Electronique","Informatique / Programmation, Réseaux / Systèmes, Réseaux / Systèmes","Physique / Electronique, Réseaux / Systèmes",atelier,D,reseaux_electronique,False,reseaux_electronique
"Tourisme / Environnement, Langues étrangères",Tourisme / Environnement,"Tourisme / Environnement, Langues étrangères",terrain,Technique,tourisme_environnement,False,tourisme_environnement
"Multimédia / Design, Intelligence artificielle, Intelligence artificielle, Multimédia / Design","Gestion / Entreprise, Mathématiques, Mathématiques",,bureau,D,informatique_numerique,False,informatique_numerique
"Droit / Juridique, Langues étrangères","Droit / Juridique, Langues étrangères","Droit / Juridique, Langues étrangères",bureau,A,droit,False,droit
"Physique / Electronique, Physique / Electronique, Physique / Electronique",Mathématiques,Mécanique / Industrie,atelier,D,genie_industriel,False,genie_industriel
"Mathématiques, Statistiques / Données, Mathématiques","Langues étrangères, Finance / Comptabilité, Finance / Comptabilité",Gestion / Entreprise,bureau,A,finance_comptabilite,False,finance_comptabilite
"Génie civil / Architecture, Génie civil / Architecture","Mathématiques, Mécanique / Industrie, Génie civil / Architecture","Génie civil / Architecture, Génie civil / Architecture",terrain,D,genie_civil,False,genie_civil
"Statistiques / Données, Intelligence artificielle, Mathématiques","Economie, Statistiques / Données","Intelligence artificielle, Informatique / Programmation",bureau,D,data_ia,False,data_ia
"Droit / Juridique, Langues étrangères","Droit / Juridique, Langues étrangères","Droit / Juridique, Langues étrangères",laboratoire,A,droit,False,droit
"Tourisme / Environnement, Langues étrangères","Tourisme / Environnement, Langues étrangères",Tourisme / Environnement,terrain,A,tourisme_environnement,False,tourisme_environnement
"Tourisme / Environnement, Langues étrangères","Tourisme / Environnement, Langues étrangères","Tourisme / Environnement, Langues étrangères",terrain,D,tourisme_environnement,False,tourisme_environnement
"Mathématiques, Informatique / Programmation, Statistiques / Données, Informatique / Programmation","Mathématiques, Informatique / Programmation, Statistiques / Données","Economie, Mathématiques",bureau,S,data_ia,False,data_ia
"Biologie / Santé, Agriculture / Elevage",Agriculture / Elevage,Agriculture / Elevage,terrain,S,agriculture_elevage,False,agriculture_elevage
"Intelligence artificielle, Intelligence artificielle, Multimédia / Design, Réseaux / Systèmes",Multimédia / Design,"Informatique / Programmation, Multimédia / Design",atelier,D,informatique_numerique,False,informatique_numerique
"Droit / Juridique, Langues étrangères","Droit / Juridique, Langues étrangères",Droit / Juridique,bureau,Autre,droit,False,droit
"Hôtellerie / Accueil, Langues étrangères, Communication","Hôtellerie / Accueil, Hôtellerie / Accueil",,contact_client,D,hotellerie_restauration,False,hotellerie_restauration
"Chimie, Biologie / Santé, Pharmacie / Médicament","Biologie / Santé, Pharmacie / Médicament",,laboratoire,Autre,pharmacie_sante,False,pharmacie_sante
"Informatique / Programmation, Mathématiques, Physique / Electronique, Mécanique / Industrie","Informatique / Programmation, Physique / Electronique",Mécanique / Industrie,bureau,Autre,genie_industriel,False,genie_industriel
"Biologie / Santé, Agriculture / Elevage",Agriculture / Elevage,Biologie / Santé,terrain,S,agriculture_elevage,False,agriculture_elevage
"Informatique / Programmation, Intelligence artificielle, Réseaux / Systèmes, Physique / Electronique",Intelligence artificielle,,atelier,D,reseaux_electronique,False,reseaux_electronique
"Informatique / Programmation, Réseaux / Systèmes, Réseaux / Systèmes","Statistiques / Données, Multimédia / Design","Mathématiques, Informatique / Programmation",bureau,S,informatique_numerique,False,informatique_numerique
"Biologie / Santé, Agriculture / Elevage",Agriculture / Elevage,Agriculture / Elevage,terrain,S,agriculture_elevage,False,agriculture_elevage
"Droit / Juridique, Langues étrangères","Droit / Juridique, Langues étrangères",,bureau,L,droit,False,droit
"Informatique / Programmation, Intelligence artificielle, Statistiques / Données",Economie,Mathématiques,atelier,D,data_ia,False,data_ia
"Biologie / Santé, Agriculture / Elevage","Biologie / Santé, Agriculture / Elevage",Agriculture / Elevage,terrain,D,agriculture_elevage,False,agriculture_elevage
"Finance / Comptabilité, Mathématiques",Statistiques / Données,"Statistiques / Données, Finance / Comptabilité",bureau,A,finance_comptabilite,True,informatique_numerique
"Droit / Juridique, Langues étrangères","Droit / Juridique, Langues étrangères","Droit / Juridique, Langues étrangères",bureau,A,droit,False,droit
"Finance / Comptabilité, Finance / Comptabilité, Statistiques / Données, Finance / Comptabilité",Langues étrangères,"Langues étrangères, Langues étrangères",bureau,A,finance_comptabilite,False,finance_comptabilite
"Biologie / Santé, Agriculture / Elevage",Agriculture / Elevage,"Biologie / Santé, Agriculture / Elevage",contact_client,S,agriculture_elevage,False,agriculture_elevage
"Informatique / Programmation, Multimédia / Design, Multimédia / Design, Informatique / Programmation","Intelligence artificielle, Multimédia / Design","Mathématiques, Informatique / Programmation",bureau,S,informatique_numerique,False,informatique_numerique
"Economie, Langues étrangères, Economie","Economie, Langues étrangères, Mathématiques",,laboratoire,Autre,economie_management,False,economie_management
"Biologie / Santé, Agriculture / Elevage","Biologie / Santé, Agriculture / Elevage",,terrain,S,agriculture_elevage,False,agriculture_elevage
"Mathématiques, Mathématiques, Statistiques / Données, Mathématiques","Economie, Mathématiques, Gestion / Entreprise",Gestion / Entreprise,bureau,A,economie_management,False,economie_management
"Informatique / Programmation, Mathématiques, Physique / Electronique, Mécanique / Industrie","Mécanique / Industrie, Mathématiques, Mécanique / Industrie",,atelier,S,genie_industriel,False,genie_industriel
"Droit / Juridique, Langues étrangères","Droit / Juridique, Langues étrangères",Droit / Juridique,bureau,D,droit,False,droit
"Biologie / Santé, Agriculture / Elevage","Biologie / Santé, Agriculture / Elevage",,atelier,D,agriculture_elevage,False,agriculture_elevage
"Economie, Commerce / Marketing, Finance / Comptabilité, Gestion / Entreprise",Commerce / Marketing,Finance / Comptabilité,bureau,A,commerce_gestion,False,commerce_gestion
"Tourisme / Environnement, Langues étrangères","Tourisme / Environnement, Langues étrangères",,terrain,L,tourisme_environnement,True,droit
"Mathématiques, Statistiques / Données, Mathématiques, Mathématiques","Gestion / Entreprise, Statistiques / Données","Mathématiques, Finance / Comptabilité",bureau,L,finance_comptabilite,False,finance_comptabilite
"Chimie, Biologie / Santé, Pharmacie / Médicament","Chimie, Biologie / Santé, Pharmacie / Médicament","Pharmacie / Médicament, Pharmacie / Médicament",laboratoire,D,pharmacie_sante,False,pharmacie_sante
"Gestion / Entreprise, Langues étrangères, Gestion / Entreprise",Gestion / Entreprise,"Finance / Comptabilité, Gestion / Entreprise",bureau,A,commerce_gestion,False,commerce_gestion
"Mathématiques, Mécanique / Industrie, Génie civil / Architecture",Génie civil / Architecture,Génie civil / Architecture,atelier,D,genie_civil,False,genie_civil
"Langues étrangères, Communication","Gestion / Entreprise, Commerce / Marketing, Commerce / Marketing","Gestion / Entreprise, Gestion / Entreprise",bureau,A,commerce_gestion,False,commerce_gestion
"Statistiques / Données, Economie","Economie, Langues étrangères, Mathématiques","Commerce / Marketing, Commerce / Marketing",bureau,A,economie_management,False,economie_management
"Mines / Géologie, Mines / Géologie, Chimie, Physique / Electronique",Chimie,"Mines / Géologie, Chimie",terrain,D,chimie_mines,False,chimie_mines
"Génie civil / Architecture, Génie civil / Architecture","Mathématiques, Mécanique / Industrie, Génie civil / Architecture","Génie civil / Architecture, Génie civil / Architecture",terrain,S,genie_civil,False,genie_civil
"Chimie, Pharmacie / Médicament","Chimie, Biologie / Santé, Pharmacie / Médicament",,laboratoire,D,pharmacie_sante,False,pharmacie_sante
"Hôtellerie / Accueil, Tourisme / Environnement, Hôtellerie / Accueil",Communication,Hôtellerie / Accueil,contact_client,A,hotellerie_restauration,False,hotellerie_restauration
"Intelligence artificielle, Mathématiques",Intelligence artificielle,"Informatique / Programmation, Mathématiques",bureau,D,informatique_numerique,False,informatique_numerique
"Mathématiques, Mathématiques",Génie civil / Architecture,"Génie civil / Architecture, Génie civil / Architecture",atelier,D,genie_civil,False,genie_civil
"Biologie / Santé, Agriculture / Elevage",Agriculture / Elevage,"Biologie / Santé, Agriculture / Elevage",terrain,D,agriculture_elevage,False,agriculture_elevage
"Gestion / Entreprise, Statistiques / Données, Informatique / Programmation, Communication","Multimédia / Design, Mathématiques, Multimédia / Design","Statistiques / Données, Réseaux / Systèmes",laboratoire,C,informatique_numerique,False,informatique_numerique
"Finance / Comptabilité, Langues étrangères, Gestion / Entreprise, Finance / Comptabilité","Statistiques / Données, Finance / Comptabilité, Gestion / Entreprise",,bureau,L,finance_comptabilite,False,finance_comptabilite
"Biologie / Santé, Agriculture / Elevage","Biologie / Santé, Agriculture / Elevage",Agriculture / Elevage,terrain,S,agriculture_elevage,False,agriculture_elevage
"Droit / Juridique, Langues étrangères","Droit / Juridique, Langues étrangères",Droit / Juridique,bureau,A,droit,False,droit
"Tourisme / Environnement, Langues étrangères","Tourisme / Environnement, Langues étrangères",Tourisme / Environnement,terrain,Technique,tourisme_environnement,False,tourisme_environnement
"Mathématiques, Mécanique / Industrie, Génie civil / Architecture",Génie civil / Architecture,"Génie civil / Architecture, Génie civil / Architecture",atelier,C,genie_civil,False,genie_civil
"Informatique / Programmation, Intelligence artificielle","Physique / Electronique, Informatique / Programmation, Informatique / Programmation","Physique / Electronique, Physique / Electronique",atelier,S,reseaux_electronique,False,reseaux_electronique
"Informatique / Programmation, Informatique / Programmation, Intelligence artificielle, Informatique / Programmation","Intelligence artificielle, Statistiques / Données, Informatique / Programmation","Intelligence artificielle, Informatique / Programmation",bureau,D,data_ia,False,data_ia
"Biologie / Santé, Agriculture / Elevage","Biologie / Santé, Agriculture / Elevage","Biologie / Santé, Agriculture / Elevage",terrain,S,agriculture_elevage,False,agriculture_elevage
"Mathématiques, Gestion / Entreprise, Mathématiques",Gestion / Entreprise,,bureau,D,finance_comptabilite,False,finance_comptabilite
"Informatique / Programmation, Intelligence artificielle, Réseaux / Systèmes, Physique / Electronique","Réseaux / Systèmes, Physique / Electronique, Réseaux / Systèmes","Réseaux / Systèmes, Réseaux / Systèmes",atelier,S,reseaux_electronique,False,reseaux_electronique
"Mathématiques, Mécanique / Industrie, Génie civil / Architecture",Génie civil / Architecture,,terrain,S,genie_civil,False,genie_civil
"Mathématiques, Mécanique / Industrie","Physique / Electronique, Informatique / Programmation",Mécanique / Industrie,atelier,D,genie_industriel,False,genie_industriel
"Intelligence artificielle, Statistiques / Données, Statistiques / Données","Informatique / Programmation, Statistiques / Données, Informatique / Programmation","Mathématiques, Statistiques / Données",bureau,S,data_ia,False,data_ia
"Langues étrangères, Langues étrangères, Finance / Comptabilité","Communication, Commerce / Marketing, Commerce / Marketing",,bureau,L,commerce_gestion,False,commerce_gestion
"Langues étrangères, Gestion / Entreprise",Finance / Comptabilité,,bureau,A,finance_comptabilite,False,finance_comptabilite
"Tourisme / Environnement, Langues étrangères","Tourisme / Environnement, Langues étrangères",Tourisme / Environnement,terrain,D,tourisme_environnement,False,tourisme_environnement
"Droit / Juridique, Langues étrangères","Droit / Juridique, Langues étrangères",,bureau,D,droit,False,droit
"Commerce / Marketing, Economie, Economie, Gestion / Entreprise","Gestion / Entreprise, Economie, Communication",,bureau,A,commerce_gestion,False,commerce_gestion
"Tourisme / Environnement, Langues étrangères",Tourisme / Environnement,"Tourisme / Environnement, Langues étrangères",contact_client,D,tourisme_environnement,False,tourisme_environnement
"Informatique / Programmation, Multimédia / Design, Gestion / Entreprise, Intelligence artificielle","Intelligence artificielle, Communication, Mathématiques",,bureau,S,informatique_numerique,False,informatique_numerique
"Hôtellerie / Accueil, Tourisme / Environnement, Communication","Communication, Hôtellerie / Accueil, Hôtellerie / Accueil",Tourisme / Environnement,bureau,A,hotellerie_restauration,False,hotellerie_restauration
"Chimie, Mécanique / Industrie, Chimie","Mines / Géologie, Chimie, Mathématiques","Mathématiques, Mines / Géologie",terrain,S,chimie_mines,False,chimie_mines
"Statistiques / Données, Mathématiques, Statistiques / Données",Statistiques / Données,Finance / Comptabilité,bureau,D,finance_comptabilite,False,finance_comptabilite
"Hôtellerie / Accueil, Hôtellerie / Accueil","Hôtellerie / Accueil, Tourisme / Environnement, Hôtellerie / Accueil","Hôtellerie / Accueil, Langues étrangères",contact_client,D,hotellerie_restauration,False,hotellerie_restauration
"Tourisme / Environnement, Tourisme / Environnement, Hôtellerie / Accueil","Langues étrangères, Communication, Hôtellerie / Accueil","Hôtellerie / Accueil, Langues étrangères",contact_client,A,hotellerie_restauration,False,hotellerie_restauration
"Statistiques / Données, Commerce / Marketing","Economie, Gestion / Entreprise","Economie, Economie",bureau,D,economie_management,False,economie_management
"Hôtellerie / Accueil, Langues étrangères, Langues étrangères",Hôtellerie / Accueil,Tourisme / Environnement,contact_client,A,hotellerie_restauration,False,hotellerie_restauration
"Biologie / Santé, Agriculture / Elevage","Biologie / Santé, Agriculture / Elevage",,terrain,S,agriculture_elevage,False,agriculture_elevage
"Statistiques / Données, Statistiques / Données",Mathématiques,,bureau,D,informatique_numerique,False,informatique_numerique
"Mathématiques, Informatique / Programmation","Mécanique / Industrie, Informatique / Programmation, Informatique / Programmation",Mécanique / Industrie,bureau,S,genie_industriel,False,genie_industriel
"Droit / Juridique, Langues étrangères","Droit / Juridique, Langues étrangères","Droit / Juridique, Langues étrangères",atelier,Autre,droit,False,droit
"Informatique / Programmation, Informatique / Programmation","Statistiques / Données, Multimédia / Design",Mathématiques,bureau,S,informatique_numerique,False,informatique_numerique
"Informatique / Programmation, Mathématiques, Physique / Electronique, Mécanique / Industrie","Mécanique / Industrie, Physique / Electronique, Physique / Electronique",Mécanique / Industrie,atelier,S,genie_industriel,False,genie_industriel
"Biologie / Santé, Agriculture / Elevage","Biologie / Santé, Agriculture / Elevage",Agriculture / Elevage,laboratoire,C,agriculture_elevage,False,agriculture_elevage
"Agroalimentaire, Agroalimentaire, Chimie","Biologie / Santé, Biologie / Santé, Chimie","Biologie / Santé, Biologie / Santé",atelier,S,agroalimentaire,False,agroalimentaire
"Mathématiques, Statistiques / Données, Finance / Comptabilité, Finance / Comptabilité","Finance / Comptabilité, Finance / Comptabilité","Mathématiques, Finance / Comptabilité",laboratoire,Autre,finance_comptabilite,False,finance_comptabilite
"Statistiques / Données, Gestion / Entreprise, Informatique / Programmation, Communication","Intelligence artificielle, Intelligence artificielle, Gestion / Entreprise",Communication,bureau,S,informatique_numerique,False,informatique_numerique
"Mathématiques, Mécanique / Industrie, Génie civil / Architecture","Mathématiques, Mécanique / Industrie, Génie civil / Architecture","Génie civil / Architecture, Mathématiques",terrain,D,genie_civil,False,genie_civil
"Tourisme / Environnement, Langues étrangères",Langues étrangères,"Tourisme / Environnement, Langues étrangères",terrain,Technique,tourisme_environnement,False,tourisme_environnement
"Multimédia / Design, Mathématiques","Informatique / Programmation, Mathématiques, Réseaux / Systèmes","Informatique / Programmation, Mathématiques",bureau,S,informatique_numerique,False,informatique_numerique
"Informatique / Programmation, Intelligence artificielle",Physique / Electronique,,atelier,D,reseaux_electronique,False,reseaux_electronique
"Hôtellerie / Accueil, Hôtellerie / Accueil, Hôtellerie / Accueil","Hôtellerie / Accueil, Communication","Tourisme / Environnement, Hôtellerie / Accueil",contact_client,Technique,hotellerie_restauration,False,hotellerie_restauration
"Physique / Electronique, Mathématiques, Chimie",Mécanique / Industrie,,terrain,Autre,chimie_mines,False,chimie_mines
"Chimie, Biologie / Santé","Agriculture / Elevage, Biologie / Santé, Agriculture / Elevage",Agroalimentaire,laboratoire,S,agroalimentaire,False,agroalimentaire
"Economie, Economie","Gestion / Entreprise, Mathématiques",,bureau,L,economie_management,False,economie_management
"Informatique / Programmation, Intelligence artificielle, Réseaux / Systèmes, Physique / Electronique","Réseaux / Systèmes, Physique / Electronique",,contact_client,S,reseaux_electronique,False,reseaux_electronique
"Communication, Tourisme / Environnement, Hôtellerie / Accueil, Langues étrangères","Langues étrangères, Hôtellerie / Accueil, Tourisme / Environnement",,contact_client,L,hotellerie_restauration,False,hotellerie_restauration
"Physique / Electronique, Physique / Electronique, Physique / Electronique",Physique / Electronique,,atelier,Autre,genie_industriel,False,genie_industriel
"Mathématiques, Mécanique / Industrie, Génie civil / Architecture","Génie civil / Architecture, Mécanique / Industrie","Génie civil / Architecture, Génie civil / Architecture",terrain,D,genie_civil,False,genie_civil
"Biologie / Santé, Agriculture / Elevage","Biologie / Santé, Agriculture / Elevage",Agriculture / Elevage,terrain,S,agriculture_elevage,False,agriculture_elevage
"Mathématiques, Mathématiques, Communication, Informatique / Programmation","Multimédia / Design, Réseaux / Systèmes",,bureau,Autre,informatique_numerique,False,informatique_numerique
"Tourisme / Environnement, Langues étrangères","Tourisme / Environnement, Langues étrangères",Tourisme / Environnement,terrain,Technique,tourisme_environnement,False,tourisme_environnement
"Mécanique / Industrie, Chimie","Mécanique / Industrie, Mathématiques",Mines / Géologie,laboratoire,S,chimie_mines,False,chimie_mines
"Physique / Electronique, Mathématiques, Physique / Electronique",Informatique / Programmation,"Physique / Electronique, Mécanique / Industrie",atelier,Autre,genie_industriel,False,genie_industriel
"Intelligence artificielle, Intelligence artificielle, Gestion / Entreprise","Mathématiques, Intelligence artificielle, Mathématiques","Intelligence artificielle, Intelligence artificielle",bureau,D,informatique_numerique,False,informatique_numerique
"Economie, Gestion / Entreprise, Gestion / Entreprise, Langues étrangères",Gestion / Entreprise,"Commerce / Marketing, Communication",bureau,A,commerce_gestion,False,commerce_gestion
"Mathématiques, Mathématiques","Intelligence artificielle, Informatique / Programmation, Réseaux / Systèmes",Statistiques / Données,bureau,D,informatique_numerique,False,informatique_numerique
"Mathématiques, Statistiques / Données","Réseaux / Systèmes, Statistiques / Données, Gestion / Entreprise","Multimédia / Design, Communication",bureau,S,informatique_numerique,False,informatique_numerique
"Tourisme / Environnement, Langues étrangères","Tourisme / Environnement, Langues étrangères",Tourisme / Environnement,terrain,D,tourisme_environnement,False,tourisme_environnement
"Mathématiques, Mécanique / Industrie, Génie civil / Architecture","Mathématiques, Mécanique / Industrie, Génie civil / Architecture",,terrain,S,genie_civil,False,genie_civil
"Informatique / Programmation, Mathématiques, Physique / Electronique, Mécanique / Industrie","Physique / Electronique, Physique / Electronique, Physique / Electronique",,atelier,D,genie_industriel,False,genie_industriel
"Agroalimentaire, Chimie, Agroalimentaire","Agriculture / Elevage, Chimie","Chimie, Agroalimentaire",laboratoire,D,agroalimentaire,False,agroalimentaire
"Hôtellerie / Accueil, Hôtellerie / Accueil","Communication, Langues étrangères, Hôtellerie / Accueil","Langues étrangères, Tourisme / Environnement",contact_client,D,hotellerie_restauration,False,hotellerie_restauration
"Mathématiques, Mathématiques","Mines / Géologie, Mécanique / Industrie, Mines / Géologie",Mines / Géologie,terrain,D,chimie_mines,False,chimie_mines
"Statistiques / Données, Finance / Comptabilité","Gestion / Entreprise, Finance / Comptabilité",,bureau,D,finance_comptabilite,False,finance_comptabilite
"Chimie, Biologie / Santé, Agriculture / Elevage, Agroalimentaire","Agroalimentaire, Agroalimentaire, Agroalimentaire",,laboratoire,D,agroalimentaire,False,agroalimentaire
"Finance / Comptabilité, Gestion / Entreprise, Finance / Comptabilité, Mathématiques","Finance / Comptabilité, Finance / Comptabilité",,bureau,L,finance_comptabilite,False,finance_comptabilite
"Agroalimentaire, Biologie / Santé, Agriculture / Elevage","Agroalimentaire, Agroalimentaire",,laboratoire,S,agroalimentaire,False,agroalimentaire
"Biologie / Santé, Agriculture / Elevage","Biologie / Santé, Agriculture / Elevage","Biologie / Santé, Agriculture / Elevage",terrain,S,agriculture_elevage,False,agriculture_elevage
"Tourisme / Environnement, Langues étrangères","Tourisme / Environnement, Langues étrangères",,terrain,L,tourisme_environnement,False,tourisme_environnement
"Intelligence artificielle, Gestion / Entreprise, Statistiques / Données, Informatique / Programmation",Mathématiques,"Communication, Statistiques / Données",bureau,S,informatique_numerique,False,informatique_numerique
"Mathématiques, Mécanique / Industrie, Génie civil / Architecture",Génie civil / Architecture,,terrain,S,genie_civil,False,genie_civil
"Economie, Gestion / Entreprise, Commerce / Marketing",Commerce / Marketing,,contact_client,Technique,commerce_gestion,False,commerce_gestion
"Droit / Juridique, Langues étrangères","Droit / Juridique, Langues étrangères",,laboratoire,D,droit,False,droit
"Droit / Juridique, Langues étrangères","Droit / Juridique, Langues étrangères",,bureau,D,droit,True,economie_management
"Langues étrangères, Commerce / Marketing, Gestion / Entreprise, Commerce / Marketing",Gestion / Entreprise,Commerce / Marketing,bureau,A,commerce_gestion,False,commerce_gestion
"Intelligence artificielle, Gestion / Entreprise","Communication, Mathématiques",Multimédia / Design,bureau,D,informatique_numerique,False,informatique_numerique
"Informatique / Programmation, Mathématiques, Physique / Electronique, Mécanique / Industrie","Mécanique / Industrie, Mathématiques","Physique / Electronique, Mécanique / Industrie",terrain,D,genie_industriel,False,genie_industriel
"Mathématiques, Mécanique / Industrie, Génie civil / Architecture","Génie civil / Architecture, Mécanique / Industrie",Génie civil / Architecture,terrain,Autre,genie_civil,False,genie_civil
"Mécanique / Industrie, Mécanique / Industrie","Physique / Electronique, Mathématiques",,laboratoire,S,genie_industriel,False,genie_industriel
"Biologie / Santé, Agriculture / Elevage",Biologie / Santé,Agriculture / Elevage,terrain,S,agriculture_elevage,False,agriculture_elevage
"Biologie / Santé, Agriculture / Elevage, Biologie / Santé","Agroalimentaire, Agroalimentaire",,laboratoire,Autre,agroalimentaire,False,agroalimentaire
"Informatique / Programmation, Statistiques / Données","Economie, Economie","Informatique / Programmation, Statistiques / Données",laboratoire,C,data_ia,False,data_ia
"Mathématiques, Mécanique / Industrie, Génie civil / Architecture","Mathématiques, Mécanique / Industrie, Génie civil / Architecture",,terrain,S,genie_civil,False,genie_civil
"Informatique / Programmation, Mathématiques, Physique / Electronique, Mécanique / Industrie","Physique / Electronique, Mécanique / Industrie",Mécanique / Industrie,laboratoire,D,genie_industriel,False,genie_industriel
"Mathématiques, Mécanique / Industrie, Génie civil / Architecture","Génie civil / Architecture, Mécanique / Industrie",Mathématiques,contact_client,C,genie_civil,False,genie_civil
"Chimie, Physique / Electronique","Chimie, Chimie",Chimie,terrain,S,chimie_mines,False,chimie_mines
"Chimie, Biologie / Santé, Agriculture / Elevage, Agroalimentaire",Agroalimentaire,Chimie,laboratoire,S,agroalimentaire,False,agroalimentaire
"Communication, Gestion / Entreprise, Intelligence artificielle",Mathématiques,"Mathématiques, Multimédia / Design",bureau,S,informatique_numerique,False,informatique_numerique
"Génie civil / Architecture, Mathématiques","Génie civil / Architecture, Génie civil / Architecture","Génie civil / Architecture, Mécanique / Industrie",terrain,D,genie_civil,False,genie_civil
"Biologie / Santé, Agriculture / Elevage","Biologie / Santé, Agriculture / Elevage",,contact_client,D,agriculture_elevage,False,agriculture_elevage
"Langues étrangères, Langues étrangères, Commerce / Marketing",Langues étrangères,"Statistiques / Données, Statistiques / Données",bureau,Technique,economie_management,False,economie_management
"Physique / Electronique, Mathématiques, Mécanique / Industrie","Mécanique / Industrie, Physique / Electronique",,atelier,C,genie_industriel,False,genie_industriel
"Biologie / Santé, Biologie / Santé, Chimie",Biologie / Santé,,laboratoire,S,agroalimentaire,True,chimie_mines
"Chimie, Biologie / Santé, Pharmacie / Médicament",Biologie / Santé,"Chimie, Pharmacie / Médicament",laboratoire,S,pharmacie_sante,True,agriculture_elevage
"Mécanique / Industrie, Mathématiques, Mines / Géologie, Chimie","Mines / Géologie, Mines / Géologie",,terrain,S,chimie_mines,False,chimie_mines
"Gestion / Entreprise, Mathématiques, Langues étrangères","Finance / Comptabilité, Finance / Comptabilité",,bureau,D,finance_comptabilite,False,finance_comptabilite
"Mathématiques, Mécanique / Industrie, Génie civil / Architecture","Génie civil / Architecture, Génie civil / Architecture",Génie civil / Architecture,terrain,D,genie_civil,False,genie_civil
"Gestion / Entreprise, Gestion / Entreprise, Commerce / Marketing","Commerce / Marketing, Finance / Comptabilité, Communication","Commerce / Marketing, Gestion / Entreprise",laboratoire,D,commerce_gestion,False,commerce_gestion
"Finance / Comptabilité, Statistiques / Données",Finance / Comptabilité,"Langues étrangères, Finance / Comptabilité",bureau,A,finance_comptabilite,False,finance_comptabilite
"Mathématiques, Mathématiques, Chimie",Mathématiques,"Mécanique / Industrie, Mécanique / Industrie",terrain,S,chimie_mines,False,chimie_mines
"Biologie / Santé, Agriculture / Elevage","Biologie / Santé, Agriculture / Elevage","Biologie / Santé, Agriculture / Elevage",terrain,S,agriculture_elevage,False,agriculture_elevage
"Tourisme / Environnement, Langues étrangères","Tourisme / Environnement, Langues étrangères",Tourisme / Environnement,terrain,A,tourisme_environnement,False,tourisme_environnement
"Tourisme / Environnement, Communication","Hôtellerie / Accueil, Hôtellerie / Accueil",Tourisme / Environnement,contact_client,D,hotellerie_restauration,True,commerce_gestion
"Mécanique / Industrie, Mathématiques, Mathématiques","Physique / Electronique, Physique / Electronique",Informatique / Programmation,atelier,D,genie_industriel,False,genie_industriel
"Mécanique / Industrie, Mines / Géologie, Mécanique / Industrie","Mines / Géologie, Mécanique / Industrie, Physique / Electronique","Chimie, Mines / Géologie",terrain,Autre,chimie_mines,False,chimie_mines
"Commerce / Marketing, Economie","Finance / Comptabilité, Commerce / Marketing, Communication","Communication, Commerce / Marketing",bureau,Technique,commerce_gestion,False,commerce_gestion
"Informatique / Programmation, Mathématiques, Physique / Electronique, Mécanique / Industrie","Physique / Electronique, Mathématiques, Mécanique / Industrie",,atelier,Autre,genie_industriel,False,genie_industriel
"Réseaux / Systèmes, Physique / Electronique, Réseaux / Systèmes","Physique / Electronique, Physique / Electronique",Réseaux / Systèmes,atelier,D,reseaux_electronique,False,reseaux_electronique
"Informatique / Programmation, Informatique / Programmation, Intelligence artificielle","Mathématiques, Mathématiques, Mathématiques",Intelligence artificielle,bureau,D,data_ia,False,data_ia
"Mathématiques, Mécanique / Industrie, Génie civil / Architecture","Mathématiques, Génie civil / Architecture",Mécanique / Industrie,terrain,C,genie_civil,False,genie_civil
"Economie, Commerce / Marketing, Commerce / Marketing",Communication,Communication,bureau,D,commerce_gestion,False,commerce_gestion
"Tourisme / Environnement, Langues étrangères",Tourisme / Environnement,"Tourisme / Environnement, Langues étrangères",atelier,D,tourisme_environnement,True,commerce_gestion
"Hôtellerie / Accueil, Hôtellerie / Accueil, Langues étrangères","Langues étrangères, Hôtellerie / Accueil",Langues étrangères,contact_client,Technique,hotellerie_restauration,False,hotellerie_restauration
"Mathématiques, Mécanique / Industrie, Génie civil / Architecture","Mécanique / Industrie, Génie civil / Architecture",Mathématiques,terrain,D,genie_civil,False,genie_civil
"Agriculture / Elevage, Biologie / Santé",Agriculture / Elevage,,laboratoire,D,agroalimentaire,False,agroalimentaire
"Mathématiques, Mathématiques, Mathématiques","Chimie, Chimie, Mathématiques","Mines / Géologie, Chimie",terrain,S,chimie_mines,False,chimie_mines
"Pharmacie / Médicament, Chimie","Chimie, Biologie / Santé, Pharmacie / Médicament","Biologie / Santé, Pharmacie / Médicament",laboratoire,S,pharmacie_sante,False,pharmacie_sante
"Economie, Langues étrangères","Mathématiques, Statistiques / Données","Langues étrangères, Mathématiques",bureau,A,economie_management,False,economie_management
"Gestion / Entreprise, Commerce / Marketing","Commerce / Marketing, Commerce / Marketing",,contact_client,D,commerce_gestion,False,commerce_gestion
"Génie civil / Architecture, Mathématiques","Mathématiques, Mécanique / Industrie, Génie civil / Architecture",Mécanique / Industrie,terrain,C,genie_civil,False,genie_civil
"Tourisme / Environnement, Langues étrangères","Tourisme / Environnement, Langues étrangères",,terrain,A,tourisme_environnement,False,tourisme_environnement
"Mathématiques, Chimie, Chimie, Chimie","Mines / Géologie, Mécanique / Industrie, Chimie","Mathématiques, Mécanique / Industrie",terrain,S,chimie_mines,False,chimie_mines
"Commerce / Marketing, Gestion / Entreprise, Commerce / Marketing","Commerce / Marketing, Commerce / Marketing, Gestion / Entreprise","Economie, Commerce / Marketing",contact_client,Technique,commerce_gestion,False,commerce_gestion
"Commerce / Marketing, Economie, Langues étrangères",Commerce / Marketing,"Economie, Economie",bureau,D,economie_management,True,tourisme_environnement
"Biologie / Santé, Agriculture / Elevage","Biologie / Santé, Agriculture / Elevage",Biologie / Santé,terrain,C,agriculture_elevage,False,agriculture_elevage
"Chimie, Agriculture / Elevage, Agroalimentaire","Agroalimentaire, Agroalimentaire",Biologie / Santé,laboratoire,C,agroalimentaire,False,agroalimentaire
"Mathématiques, Mathématiques","Mathématiques, Mécanique / Industrie, Génie civil / Architecture",Génie civil / Architecture,terrain,C,genie_civil,False,genie_civil
"Mécanique / Industrie, Génie civil / Architecture",Mécanique / Industrie,Génie civil / Architecture,bureau,D,genie_civil,False,genie_civil
"Mathématiques, Mécanique / Industrie, Génie civil / Architecture","Mathématiques, Mécanique / Industrie, Génie civil / Architecture",,terrain,S,genie_civil,False,genie_civil
"Physique / Electronique, Chimie, Mines / Géologie","Mathématiques, Physique / Electronique","Mécanique / Industrie, Mathématiques",terrain,S,chimie_mines,False,chimie_mines
"Communication, Tourisme / Environnement, Hôtellerie / Accueil, Langues étrangères",Tourisme / Environnement,,contact_client,A,hotellerie_restauration,False,hotellerie_restauration
"Informatique / Programmation, Gestion / Entreprise, Gestion / Entreprise, Informatique / Programmation","Réseaux / Systèmes, Multimédia / Design, Intelligence artificielle",,bureau,S,informatique_numerique,False,informatique_numerique
"Economie, Informatique / Programmation",Statistiques / Données,,bureau,Autre,data_ia,False,data_ia
"Agriculture / Elevage, Biologie / Santé","Chimie, Agroalimentaire, Agriculture / Elevage","Agroalimentaire, Chimie",laboratoire,S,agroalimentaire,False,agroalimentaire
"Physique / Electronique, Mécanique / Industrie","Mines / Géologie, Mines / Géologie",Chimie,terrain,D,chimie_mines,False,chimie_mines
"Intelligence artificielle, Statistiques / Données, Mathématiques","Intelligence artificielle, Statistiques / Données","Statistiques / Données, Informatique / Programmation",bureau,S,data_ia,False,data_ia
"Mathématiques, Mines / Géologie, Mines / Géologie, Physique / Electronique",Chimie,,terrain,S,chimie_mines,False,chimie_mines
"Biologie / Santé, Agriculture / Elevage","Biologie / Santé, Agriculture / Elevage",Agriculture / Elevage,terrain,C,agriculture_elevage,False,agriculture_elevage
"Mathématiques, Statistiques / Données, Statistiques / Données","Finance / Comptabilité, Mathématiques, Gestion / Entreprise","Mathématiques, Statistiques / Données",bureau,D,finance_comptabilite,False,finance_comptabilite
"Informatique / Programmation, Communication, Multimédia / Design","Communication, Réseaux / Systèmes",Mathématiques,bureau,S,informatique_numerique,True,data_ia
"Finance / Comptabilité, Gestion / Entreprise, Langues étrangères","Mathématiques, Statistiques / Données, Mathématiques","Statistiques / Données, Gestion / Entreprise",bureau,Technique,finance_comptabilite,False,finance_comptabilite
"Communication, Multimédia / Design, Multimédia / Design","Réseaux / Systèmes, Informatique / Programmation","Réseaux / Systèmes, Informatique / Programmation",bureau,S,informatique_numerique,False,informatique_numerique
"Intelligence artificielle, Mathématiques, Intelligence artificielle, Economie",Statistiques / Données,"Informatique / Programmation, Informatique / Programmation",bureau,S,data_ia,False,data_ia
"Tourisme / Environnement, Langues étrangères",Langues étrangères,Tourisme / Environnement,terrain,A,tourisme_environnement,False,tourisme_environnement
"Réseaux / Systèmes, Réseaux / Systèmes","Réseaux / Systèmes, Physique / Electronique",Physique / Electronique,atelier,S,reseaux_electronique,False,reseaux_electronique
"Intelligence artificielle, Réseaux / Systèmes","Réseaux / Systèmes, Intelligence artificielle","Physique / Electronique, Physique / Electronique",atelier,Autre,reseaux_electronique,False,reseaux_electronique
"Gestion / Entreprise, Commerce / Marketing, Gestion / Entreprise, Communication",Langues étrangères,,bureau,A,commerce_gestion,False,commerce_gestion
"Droit / Juridique, Langues étrangères","Droit / Juridique, Langues étrangères",Droit / Juridique,bureau,A,droit,False,droit
"Biologie / Santé, Agriculture / Elevage","Biologie / Santé, Agriculture / Elevage","Biologie / Santé, Agriculture / Elevage",contact_client,S,agriculture_elevage,False,agriculture_elevage
"Tourisme / Environnement, Tourisme / Environnement",Communication,,bureau,A,hotellerie_restauration,False,hotellerie_restauration
"Chimie, Biologie / Santé, Pharmacie / Médicament",Biologie / Santé,"Biologie / Santé, Pharmacie / Médicament",laboratoire,S,pharmacie_sante,False,pharmacie_sante
"Mathématiques, Economie, Commerce / Marketing","Commerce / Marketing, Economie",,bureau,A,economie_management,False,economie_management
"Informatique / Programmation, Intelligence artificielle, Réseaux / Systèmes, Physique / Electronique","Intelligence artificielle, Informatique / Programmation","Réseaux / Systèmes, Physique / Electronique",bureau,S,reseaux_electronique,False,reseaux_electronique
"Mines / Géologie, Physique / Electronique",Chimie,,terrain,C,chimie_mines,False,chimie_mines
"Chimie, Pharmacie / Médicament",Chimie,Pharmacie / Médicament,contact_client,D,pharmacie_sante,False,pharmacie_sante
"Finance / Comptabilité, Finance / Comptabilité","Mathématiques, Statistiques / Données, Langues étrangères",,bureau,A,finance_comptabilite,False,finance_comptabilite
"Informatique / Programmation, Mathématiques, Physique / Electronique, Mécanique / Industrie",Mécanique / Industrie,"Mécanique / Industrie, Physique / Electronique",atelier,D,genie_industriel,False,genie_industriel
"Droit / Juridique, Langues étrangères",Droit / Juridique,Droit / Juridique,bureau,A,droit,False,droit
"Gestion / Entreprise, Economie, Commerce / Marketing, Commerce / Marketing","Communication, Gestion / Entreprise",,bureau,D,commerce_gestion,False,commerce_gestion
"Tourisme / Environnement, Langues étrangères","Tourisme / Environnement, Langues étrangères",Langues étrangères,terrain,L,tourisme_environnement,False,tourisme_environnement
"Mathématiques, Mécanique / Industrie","Mathématiques, Mécanique / Industrie","Mathématiques, Physique / Electronique",laboratoire,S,chimie_mines,False,chimie_mines
"Tourisme / Environnement, Hôtellerie / Accueil","Communication, Hôtellerie / Accueil",Langues étrangères,atelier,Technique,hotellerie_restauration,False,hotellerie_restauration
"Mathématiques, Mécanique / Industrie, Génie civil / Architecture",Génie civil / Architecture,Génie civil / Architecture,terrain,D,genie_civil,False,genie_civil
"Chimie, Biologie / Santé, Pharmacie / Médicament","Chimie, Biologie / Santé, Pharmacie / Médicament",,laboratoire,S,pharmacie_sante,False,pharmacie_sante
"Chimie, Biologie / Santé, Agriculture / Elevage, Agroalimentaire","Agriculture / Elevage, Chimie, Agroalimentaire",,laboratoire,S,agroalimentaire,False,agroalimentaire
"Statistiques / Données, Communication, Multimédia / Design","Réseaux / Systèmes, Multimédia / Design",Intelligence artificielle,bureau,S,informatique_numerique,False,informatique_numerique
"Mécanique / Industrie, Chimie","Mines / Géologie, Chimie, Mines / Géologie",,terrain,D,chimie_mines,False,chimie_mines
"Physique / Electronique, Physique / Electronique, Mathématiques","Mathématiques, Physique / Electronique","Informatique / Programmation, Mécanique / Industrie",atelier,Autre,genie_industriel,False,genie_industriel
"Gestion / Entreprise, Statistiques / Données","Gestion / Entreprise, Mathématiques, Mathématiques",Finance / Comptabilité,terrain,A,finance_comptabilite,False,finance_comptabilite
"Droit / Juridique, Langues étrangères","Droit / Juridique, Langues étrangères",Droit / Juridique,bureau,A,droit,False,droit
"Finance / Comptabilité, Finance / Comptabilité, Langues étrangères","Statistiques / Données, Finance / Comptabilité","Langues étrangères, Gestion / Entreprise",terrain,D,finance_comptabilite,False,finance_comptabilite
"Communication, Tourisme / Environnement, Hôtellerie / Accueil, Langues étrangères",Communication,,contact_client,A,hotellerie_restauration,False,hotellerie_restauration
"Biologie / Santé, Agriculture / Elevage",Biologie / Santé,"Biologie / Santé, Agriculture / Elevage",laboratoire,D,agriculture_elevage,False,agriculture_elevage
"Mathématiques, Mécanique / Industrie, Génie civil / Architecture","Mathématiques, Mécanique / Industrie, Génie civil / Architecture",Génie civil / Architecture,terrain,C,genie_civil,False,genie_civil
"Mathématiques, Mines / Géologie, Chimie, Physique / Electronique",Mines / Géologie,"Mines / Géologie, Mécanique / Industrie",terrain,S,chimie_mines,False,chimie_mines
"Chimie, Mécanique / Industrie, Mathématiques","Chimie, Mathématiques, Chimie",Mathématiques,terrain,S,chimie_mines,False,chimie_mines
"Tourisme / Environnement, Langues étrangères","Tourisme / Environnement, Langues étrangères",,bureau,A,tourisme_environnement,False,tourisme_environnement
"Biologie / Santé, Agriculture / Elevage",Biologie / Santé,,terrain,D,agriculture_elevage,False,agriculture_elevage
"Physique / Electronique, Informatique / Programmation",Mécanique / Industrie,"Mécanique / Industrie, Physique / Electronique",atelier,S,genie_industriel,True,data_ia
"Gestion / Entreprise, Mathématiques","Gestion / Entreprise, Commerce / Marketing",,bureau,D,economie_management,False,economie_management
"Commerce / Marketing, Langues étrangères, Langues étrangères, Economie","Mathématiques, Langues étrangères, Gestion / Entreprise","Economie, Gestion / Entreprise",bureau,D,economie_management,False,economie_management
"Informatique / Programmation, Réseaux / Systèmes, Physique / Electronique",Réseaux / Systèmes,Intelligence artificielle,atelier,S,reseaux_electronique,False,reseaux_electronique
"Hôtellerie / Accueil, Tourisme / Environnement",Hôtellerie / Accueil,,contact_client,A,hotellerie_restauration,False,hotellerie_restauration
"Economie, Statistiques / Données, Intelligence artificielle","Economie, Informatique / Programmation",Mathématiques,bureau,S,data_ia,False,data_ia
"Langues étrangères, Hôtellerie / Accueil","Hôtellerie / Accueil, Communication","Tourisme / Environnement, Hôtellerie / Accueil",laboratoire,A,hotellerie_restauration,False,hotellerie_restauration
"Mécanique / Industrie, Mécanique / Industrie, Physique / Electronique, Chimie","Chimie, Chimie","Chimie, Mathématiques",terrain,Autre,chimie_mines,False,chimie_mines
"Statistiques / Données, Multimédia / Design, Informatique / Programmation, Multimédia / Design",Gestion / Entreprise,Mathématiques,bureau,D,informatique_numerique,False,informatique_numerique
"Statistiques / Données, Finance / Comptabilité, Mathématiques","Finance / Comptabilité, Finance / Comptabilité, Langues étrangères","Statistiques / Données, Mathématiques",terrain,D,finance_comptabilite,False,finance_comptabilite
"Mécanique / Industrie, Mécanique / Industrie","Mathématiques, Mathématiques",,terrain,D,chimie_mines,False,chimie_mines
"Informatique / Programmation, Multimédia / Design, Informatique / Programmation, Réseaux / Systèmes","Gestion / Entreprise, Mathématiques, Multimédia / Design","Informatique / Programmation, Communication",bureau,S,informatique_numerique,False,informatique_numerique
"Mécanique / Industrie, Mathématiques, Physique / Electronique","Physique / Electronique, Physique / Electronique","Mathématiques, Informatique / Programmation",atelier,C,genie_industriel,False,genie_industriel
"Communication, Communication","Tourisme / Environnement, Hôtellerie / Accueil, Hôtellerie / Accueil","Tourisme / Environnement, Langues étrangères",contact_client,D,hotellerie_restauration,False,hotellerie_restauration
"Droit / Juridique, Langues étrangères","Droit / Juridique, Langues étrangères",,laboratoire,A,droit,False,droit
"Tourisme / Environnement, Hôtellerie / Accueil","Hôtellerie / Accueil, Tourisme / Environnement, Hôtellerie / Accueil","Hôtellerie / Accueil, Hôtellerie / Accueil",contact_client,L,hotellerie_restauration,False,hotellerie_restauration
"Langues étrangères, Tourisme / Environnement, Tourisme / Environnement","Langues étrangères, Hôtellerie / Accueil",,terrain,D,hotellerie_restauration,False,hotellerie_restauration
"Biologie / Santé, Agriculture / Elevage","Biologie / Santé, Agriculture / Elevage",Biologie / Santé,terrain,D,agriculture_elevage,False,agriculture_elevage
"Droit / Juridique, Langues étrangères","Droit / Juridique, Langues étrangères",,bureau,A,droit,False,droit
"Finance / Comptabilité, Mathématiques","Finance / Comptabilité, Statistiques / Données",Gestion / Entreprise,bureau,L,finance_comptabilite,False,finance_comptabilite
"Droit / Juridique, Langues étrangères","Droit / Juridique, Langues étrangères",,bureau,Technique,droit,False,droit
"Finance / Comptabilité, Finance / Comptabilité, Finance / Comptabilité","Finance / Comptabilité, Statistiques / Données, Finance / Comptabilité",Statistiques / Données,bureau,L,finance_comptabilite,False,finance_comptabilite
"Tourisme / Environnement, Langues étrangères","Tourisme / Environnement, Langues étrangères",Langues étrangères,laboratoire,A,tourisme_environnement,False,tourisme_environnement
"Physique / Electronique, Informatique / Programmation","Physique / Electronique, Physique / Electronique, Réseaux / Systèmes","Physique / Electronique, Informatique / Programmation",laboratoire,S,reseaux_electronique,False,reseaux_electronique
"Statistiques / Données, Mathématiques, Statistiques / Données",Informatique / Programmation,,bureau,S,data_ia,True,genie_industriel
"Mathématiques, Intelligence artificielle, Statistiques / Données",Informatique / Programmation,,bureau,Autre,data_ia,False,data_ia
"Mathématiques, Finance / Comptabilité, Gestion / Entreprise",Finance / Comptabilité,Finance / Comptabilité,bureau,D,finance_comptabilite,False,finance_comptabilite
"Langues étrangères, Economie, Communication","Commerce / Marketing, Finance / Comptabilité",Finance / Comptabilité,laboratoire,D,commerce_gestion,False,commerce_gestion
"Chimie, Biologie / Santé, Agriculture / Elevage, Agroalimentaire","Agroalimentaire, Agroalimentaire, Biologie / Santé",,laboratoire,S,agroalimentaire,False,agroalimentaire
"Statistiques / Données, Finance / Comptabilité, Statistiques / Données, Langues étrangères",Finance / Comptabilité,"Mathématiques, Gestion / Entreprise",bureau,D,finance_comptabilite,False,finance_comptabilite
"Réseaux / Systèmes, Intelligence artificielle","Statistiques / Données, Réseaux / Systèmes","Mathématiques, Mathématiques",bureau,Autre,informatique_numerique,False,informatique_numerique
"Economie, Commerce / Marketing",Commerce / Marketing,,bureau,A,commerce_gestion,False,commerce_gestion
"Economie, Commerce / Marketing",Gestion / Entreprise,Mathématiques,bureau,D,economie_management,True,informatique_numerique
"Gestion / Entreprise, Communication",Gestion / Entreprise,"Gestion / Entreprise, Gestion / Entreprise",bureau,A,commerce_gestion,False,commerce_gestion
"Biologie / Santé, Agroalimentaire, Agroalimentaire","Agriculture / Elevage, Agroalimentaire, Biologie / Santé",Biologie / Santé,laboratoire,S,agroalimentaire,False,agroalimentaire
"Communication, Finance / Comptabilité","Commerce / Marketing, Langues étrangères",Langues étrangères,bureau,A,commerce_gestion,False,commerce_gestion
"Commerce / Marketing, Commerce / Marketing",Statistiques / Données,,bureau,A,economie_management,False,economie_management
"Mines / Géologie, Mathématiques","Chimie, Chimie, Mines / Géologie","Mines / Géologie, Physique / Electronique",terrain,S,chimie_mines,False,chimie_mines
"Mathématiques, Mécanique / Industrie, Génie civil / Architecture","Mécanique / Industrie, Mathématiques",,terrain,S,genie_civil,True,finance_comptabilite
"Informatique / Programmation, Intelligence artificielle, Réseaux / Systèmes, Physique / Electronique","Informatique / Programmation, Réseaux / Systèmes",Réseaux / Systèmes,atelier,S,reseaux_electronique,False,reseaux_electronique
"Droit / Juridique, Langues étrangères","Droit / Juridique, Langues étrangères","Droit / Juridique, Langues étrangères",bureau,D,droit,False,droit
"Informatique / Programmation, Informatique / Programmation, Réseaux / Systèmes",Informatique / Programmation,"Informatique / Programmation, Réseaux / Systèmes",laboratoire,Autre,reseaux_electronique,False,reseaux_electronique
"Génie civil / Architecture, Génie civil / Architecture","Mathématiques, Mécanique / Industrie",,terrain,S,genie_civil,False,genie_civil
"Langues étrangères, Finance / Comptabilité","Commerce / Marketing, Economie","Commerce / Marketing, Gestion / Entreprise",bureau,D,commerce_gestion,False,commerce_gestion
"Mathématiques, Mécanique / Industrie, Génie civil / Architecture","Mathématiques, Mécanique / Industrie, Génie civil / Architecture","Mathématiques, Mathématiques",laboratoire,Autre,genie_civil,False,genie_civil
"Gestion / Entreprise, Economie",Statistiques / Données,"Economie, Economie",bureau,Autre,economie_management,False,economie_management
"Langues étrangères, Mathématiques, Finance / Comptabilité","Finance / Comptabilité, Finance / Comptabilité",,bureau,D,finance_comptabilite,False,finance_comptabilite
"Droit / Juridique, Langues étrangères",Droit / Juridique,"Droit / Juridique, Langues étrangères",bureau,Technique,droit,False,droit
"Informatique / Programmation, Intelligence artificielle, Réseaux / Systèmes, Physique / Electronique","Réseaux / Systèmes, Intelligence artificielle, Physique / Electronique",Intelligence artificielle,atelier,S,reseaux_electronique,False,reseaux_electronique
"Mathématiques, Statistiques / Données","Mathématiques, Mathématiques","Informatique / Programmation, Economie",bureau,D,data_ia,True,genie_civil
"Informatique / Programmation, Informatique / Programmation, Informatique / Programmation","Réseaux / Systèmes, Réseaux / Systèmes",,atelier,S,reseaux_electronique,False,reseaux_electronique
"Chimie, Biologie / Santé, Pharmacie / Médicament","Pharmacie / Médicament, Biologie / Santé",,laboratoire,S,pharmacie_sante,False,pharmacie_sante
"Agriculture / Elevage, Biologie / Santé","Chimie, Agroalimentaire",Chimie,laboratoire,S,agroalimentaire,False,agroalimentaire
"Chimie, Mines / Géologie, Mathématiques, Physique / Electronique",Mécanique / Industrie,"Mines / Géologie, Chimie",atelier,Autre,chimie_mines,False,chimie_mines
"Communication, Tourisme / Environnement, Hôtellerie / Accueil, Langues étrangères",Hôtellerie / Accueil,Hôtellerie / Accueil,contact_client,Autre,hotellerie_restauration,False,hotellerie_restauration
"Commerce / Marketing, Commerce / Marketing",Economie,Commerce / Marketing,bureau,D,economie_management,False,economie_management
"Biologie / Santé, Agriculture / Elevage",Biologie / Santé,"Biologie / Santé, Agriculture / Elevage",terrain,C,agriculture_elevage,False,agriculture_elevage
"Intelligence artificielle, Communication, Gestion / Entreprise, Informatique / Programmation",Réseaux / Systèmes,Statistiques / Données,bureau,S,informatique_numerique,False,informatique_numerique
"Biologie / Santé, Agriculture / Elevage","Biologie / Santé, Agriculture / Elevage","Biologie / Santé, Agriculture / Elevage",terrain,Autre,agriculture_elevage,False,agriculture_elevage
"Multimédia / Design, Réseaux / Systèmes",Réseaux / Systèmes,"Communication, Mathématiques",bureau,C,informatique_numerique,True,reseaux_electronique
"Réseaux / Systèmes, Mathématiques, Multimédia / Design, Gestion / Entreprise","Multimédia / Design, Intelligence artificielle, Réseaux / Systèmes","Communication, Statistiques / Données",bureau,S,informatique_numerique,False,informatique_numerique
"Physique / Electronique, Informatique / Programmation","Mécanique / Industrie, Physique / Electronique, Mécanique / Industrie",Mécanique / Industrie,laboratoire,S,genie_industriel,False,genie_industriel
"Biologie / Santé, Agriculture / Elevage","Biologie / Santé, Agriculture / Elevage",Biologie / Santé,terrain,D,agriculture_elevage,False,agriculture_elevage
"Mathématiques, Mécanique / Industrie, Génie civil / Architecture","Mathématiques, Mécanique / Industrie, Génie civil / Architecture",,contact_client,D,genie_civil,False,genie_civil
"Mathématiques, Statistiques / Données, Statistiques / Données",Langues étrangères,,bureau,L,finance_comptabilite,False,finance_comptabilite
"Informatique / Programmation, Mathématiques, Physique / Electronique, Mécanique / Industrie",Mécanique / Industrie,Physique / Electronique,atelier,S,genie_industriel,False,genie_industriel
"Droit / Juridique, Langues étrangères","Droit / Juridique, Langues étrangères",,atelier,Autre,droit,False,droit
"Mathématiques, Mécanique / Industrie, Génie civil / Architecture","Mathématiques, Mécanique / Industrie, Génie civil / Architecture",,terrain,S,genie_civil,False,genie_civil
"Chimie, Biologie / Santé, Pharmacie / Médicament","Pharmacie / Médicament, Chimie","Pharmacie / Médicament, Biologie / Santé",laboratoire,D,pharmacie_sante,False,pharmacie_sante
"Tourisme / Environnement, Langues étrangères","Tourisme / Environnement, Langues étrangères",Tourisme / Environnement,bureau,Technique,tourisme_environnement,False,tourisme_environnement
"Intelligence artificielle, Economie, Statistiques / Données, Mathématiques","Mathématiques, Economie, Statistiques / Données","Mathématiques, Statistiques / Données",bureau,S,data_ia,False,data_ia
"Droit / Juridique, Langues étrangères",Droit / Juridique,,bureau,Autre,droit,False,droit
"Agroalimentaire, Agroalimentaire",Agroalimentaire,,laboratoire,D,agroalimentaire,False,agroalimentaire
"Gestion / Entreprise, Statistiques / Données, Langues étrangères","Finance / Comptabilité, Mathématiques, Finance / Comptabilité",Finance / Comptabilité,laboratoire,L,finance_comptabilite,False,finance_comptabilite
"Langues étrangères, Economie, Mathématiques, Langues étrangères","Economie, Statistiques / Données, Gestion / Entreprise",,bureau,L,economie_management,False,economie_management
"Finance / Comptabilité, Finance / Comptabilité, Langues étrangères, Finance / Comptabilité",Mathématiques,"Statistiques / Données, Gestion / Entreprise",atelier,Autre,finance_comptabilite,False,finance_comptabilite
"Finance / Comptabilité, Finance / Comptabilité, Gestion / Entreprise",Langues étrangères,,bureau,Technique,finance_comptabilite,False,finance_comptabilite
"Langues étrangères, Economie, Economie","Mathématiques, Commerce / Marketing","Mathématiques, Gestion / Entreprise",laboratoire,A,economie_management,False,economie_management
"Informatique / Programmation, Intelligence artificielle, Réseaux / Systèmes, Physique / Electronique","Réseaux / Systèmes, Informatique / Programmation",Intelligence artificielle,atelier,Autre,reseaux_electronique,False,reseaux_electronique
"Mathématiques, Intelligence artificielle",Mathématiques,"Mathématiques, Informatique / Programmation",bureau,S,data_ia,False,data_ia
"Mathématiques, Mathématiques, Informatique / Programmation, Intelligence artificielle","Intelligence artificielle, Informatique / Programmation, Statistiques / Données",Statistiques / Données,bureau,C,data_ia,False,data_ia
"Statistiques / Données, Informatique / Programmation","Intelligence artificielle, Informatique / Programmation, Informatique / Programmation","Intelligence artificielle, Mathématiques",bureau,D,data_ia,False,data_ia
"Chimie, Mécanique / Industrie","Mécanique / Industrie, Mines / Géologie",,terrain,D,chimie_mines,False,chimie_mines
"Physique / Electronique, Mécanique / Industrie, Physique / Electronique",Mécanique / Industrie,"Mathématiques, Mécanique / Industrie",atelier,S,genie_industriel,False,genie_industriel
"Tourisme / Environnement, Langues étrangères, Tourisme / Environnement","Hôtellerie / Accueil, Tourisme / Environnement, Hôtellerie / Accueil",,contact_client,D,hotellerie_restauration,False,hotellerie_restauration
"Physique / Electronique, Physique / Electronique, Mécanique / Industrie",Mathématiques,,atelier,S,genie_industriel,False,genie_industriel
"Chimie, Biologie / Santé, Agriculture / Elevage, Agroalimentaire",Agroalimentaire,"Agriculture / Elevage, Chimie",laboratoire,S,agroalimentaire,False,agroalimentaire
"Informatique / Programmation, Statistiques / Données, Statistiques / Données, Intelligence artificielle","Intelligence artificielle, Informatique / Programmation, Intelligence artificielle","Intelligence artificielle, Mathématiques",bureau,S,data_ia,False,data_ia
"Intelligence artificielle, Intelligence artificielle","Statistiques / Données, Informatique / Programmation, Statistiques / Données","Statistiques / Données, Intelligence artificielle",atelier,S,data_ia,False,data_ia
"Physique / Electronique, Intelligence artificielle, Physique / Electronique","Réseaux / Systèmes, Informatique / Programmation",,bureau,Autre,reseaux_electronique,False,reseaux_electronique
"Mathématiques, Mécanique / Industrie, Génie civil / Architecture","Mécanique / Industrie, Génie civil / Architecture",,terrain,C,genie_civil,False,genie_civil
"Tourisme / Environnement, Langues étrangères","Tourisme / Environnement, Langues étrangères",Tourisme / Environnement,terrain,A,tourisme_environnement,False,tourisme_environnement
"Communication, Hôtellerie / Accueil","Tourisme / Environnement, Tourisme / Environnement, Hôtellerie / Accueil","Hôtellerie / Accueil, Tourisme / Environnement",contact_client,Technique,hotellerie_restauration,False,hotellerie_restauration
"Chimie, Mines / Géologie, Chimie, Mécanique / Industrie",Mécanique / Industrie,Chimie,bureau,D,chimie_mines,False,chimie_mines
"Biologie / Santé, Biologie / Santé","Chimie, Biologie / Santé, Pharmacie / Médicament",Pharmacie / Médicament,atelier,C,pharmacie_sante,False,pharmacie_sante
"Mathématiques, Statistiques / Données",Statistiques / Données,"Informatique / Programmation, Statistiques / Données",bureau,S,data_ia,False,data_ia
"Réseaux / Systèmes, Physique / Electronique",Informatique / Programmation,,atelier,D,reseaux_electronique,False,reseaux_electronique
"Economie, Mathématiques, Statistiques / Données","Statistiques / Données, Gestion / Entreprise",,bureau,Autre,economie_management,False,economie_management
"Agroalimentaire, Chimie, Chimie",Agroalimentaire,"Biologie / Santé, Biologie / Santé",laboratoire,S,agroalimentaire,False,agroalimentaire
"Economie, Mathématiques","Langues étrangères, Statistiques / Données, Economie",Economie,bureau,D,economie_management,False,economie_management
"Droit / Juridique, Langues étrangères","Droit / Juridique, Langues étrangères",Droit / Juridique,bureau,L,droit,True,commerce_gestion
"Mécanique / Industrie, Physique / Electronique, Informatique / Programmation","Physique / Electronique, Informatique / Programmation, Physique / Electronique","Mécanique / Industrie, Informatique / Programmation",atelier,D,genie_industriel,False,genie_industriel
"Multimédia / Design, Réseaux / Systèmes, Gestion / Entreprise","Multimédia / Design, Intelligence artificielle, Multimédia / Design",,bureau,S,informatique_numerique,False,informatique_numerique
"Hôtellerie / Accueil, Hôtellerie / Accueil","Hôtellerie / Accueil, Langues étrangères",Hôtellerie / Accueil,terrain,Technique,hotellerie_restauration,False,hotellerie_restauration
"Chimie, Biologie / Santé, Pharmacie / Médicament",Chimie,Chimie,laboratoire,D,pharmacie_sante,False,pharmacie_sante
"Biologie / Santé, Pharmacie / Médicament",Pharmacie / Médicament,"Pharmacie / Médicament, Pharmacie / Médicament",terrain,D,pharmacie_sante,False,pharmacie_sante
"Droit / Juridique, Langues étrangères","Droit / Juridique, Langues étrangères","Droit / Juridique, Langues étrangères",bureau,D,droit,False,droit
"Chimie, Biologie / Santé, Agriculture / Elevage, Agroalimentaire","Agriculture / Elevage, Biologie / Santé",,laboratoire,C,agroalimentaire,False,agroalimentaire
"Droit / Juridique, Langues étrangères","Droit / Juridique, Langues étrangères",Droit / Juridique,bureau,Autre,droit,False,droit
"Biologie / Santé, Agriculture / Elevage",Agriculture / Elevage,,terrain,D,agriculture_elevage,False,agriculture_elevage
"Tourisme / Environnement, Langues étrangères",Tourisme / Environnement,,laboratoire,D,tourisme_environnement,True,commerce_gestion
"Chimie, Biologie / Santé, Pharmacie / Médicament","Pharmacie / Médicament, Biologie / Santé",Biologie / Santé,laboratoire,S,pharmacie_sante,False,pharmacie_sante
"Tourisme / Environnement, Langues étrangères",Langues étrangères,,terrain,L,tourisme_environnement,False,tourisme_environnement
"Droit / Juridique, Langues étrangères","Droit / Juridique, Langues étrangères","Droit / Juridique, Langues étrangères",bureau,A,droit,False,droit
"Informatique / Programmation, Mathématiques, Physique / Electronique, Mécanique / Industrie","Physique / Electronique, Physique / Electronique",,atelier,C,genie_industriel,False,genie_industriel
"Economie, Statistiques / Données, Informatique / Programmation","Statistiques / Données, Intelligence artificielle, Informatique / Programmation","Intelligence artificielle, Intelligence artificielle",laboratoire,D,data_ia,False,data_ia
"Chimie, Biologie / Santé, Agriculture / Elevage, Agroalimentaire","Chimie, Chimie, Agroalimentaire",Biologie / Santé,laboratoire,S,agroalimentaire,False,agroalimentaire
"Droit / Juridique, Langues étrangères","Droit / Juridique, Langues étrangères",Droit / Juridique,bureau,D,droit,False,droit
"Chimie, Biologie / Santé, Pharmacie / Médicament",Biologie / Santé,,laboratoire,S,pharmacie_sante,False,pharmacie_sante
"Informatique / Programmation, Mathématiques, Physique / Electronique, Mécanique / Industrie","Informatique / Programmation, Mécanique / Industrie",,atelier,D,genie_industriel,False,genie_industriel
"Biologie / Santé, Agriculture / Elevage",Biologie / Santé,Agriculture / Elevage,bureau,S,agriculture_elevage,False,agriculture_elevage
"Mathématiques, Finance / Comptabilité","Gestion / Entreprise, Gestion / Entreprise",,bureau,A,finance_comptabilite,False,finance_comptabilite
"Chimie, Biologie / Santé","Pharmacie / Médicament, Pharmacie / Médicament","Chimie, Pharmacie / Médicament",laboratoire,S,pharmacie_sante,False,pharmacie_sante
"Langues étrangères, Langues étrangères, Finance / Comptabilité","Langues étrangères, Gestion / Entreprise",,atelier,D,finance_comptabilite,False,finance_comptabilite
"Tourisme / Environnement, Langues étrangères","Tourisme / Environnement, Langues étrangères",Tourisme / Environnement,terrain,Technique,tourisme_environnement,False,tourisme_environnement
"Commerce / Marketing, Commerce / Marketing","Economie, Finance / Comptabilité",Communication,atelier,Autre,commerce_gestion,False,commerce_gestion
"Mathématiques, Mathématiques, Mathématiques","Economie, Mathématiques, Langues étrangères",,bureau,A,economie_management,False,economie_management
"Tourisme / Environnement, Tourisme / Environnement, Communication",Tourisme / Environnement,"Hôtellerie / Accueil, Tourisme / Environnement",atelier,Autre,hotellerie_restauration,False,hotellerie_restauration
"Chimie, Biologie / Santé, Agriculture / Elevage, Agroalimentaire",Agriculture / Elevage,,laboratoire,Autre,agroalimentaire,False,agroalimentaire
"Mathématiques, Gestion / Entreprise, Gestion / Entreprise",Commerce / Marketing,Statistiques / Données,bureau,A,economie_management,False,economie_management
"Droit / Juridique, Langues étrangères",Droit / Juridique,"Droit / Juridique, Langues étrangères",bureau,D,droit,False,droit
"Réseaux / Systèmes, Physique / Electronique","Physique / Electronique, Intelligence artificielle, Intelligence artificielle","Physique / Electronique, Réseaux / Systèmes",atelier,D,reseaux_electronique,False,reseaux_electronique
"Finance / Comptabilité, Langues étrangères, Statistiques / Données",Statistiques / Données,"Statistiques / Données, Mathématiques",bureau,L,finance_comptabilite,False,finance_comptabilite
"Informatique / Programmation, Mathématiques, Statistiques / Données",Intelligence artificielle,Intelligence artificielle,bureau,D,data_ia,False,data_ia
"Informatique / Programmation, Intelligence artificielle, Réseaux / Systèmes, Physique / Electronique","Réseaux / Systèmes, Intelligence artificielle, Intelligence artificielle",Intelligence artificielle,atelier,S,reseaux_electronique,False,reseaux_electronique
"Droit / Juridique, Langues étrangères",Droit / Juridique,Droit / Juridique,bureau,D,droit,False,droit
"Droit / Juridique, Langues étrangères",Droit / Juridique,"Droit / Juridique, Langues étrangères",atelier,D,droit,False,droit
"Langues étrangères, Communication",Gestion / Entreprise,Commerce / Marketing,bureau,Autre,commerce_gestion,False,commerce_gestion
"Droit / Juridique, Langues étrangères",Langues étrangères,"Droit / Juridique, Langues étrangères",bureau,D,droit,False,droit
"Génie civil / Architecture, Génie civil / Architecture",Génie civil / Architecture,,laboratoire,S,genie_civil,False,genie_civil
"Informatique / Programmation, Mathématiques, Physique / Electronique, Mécanique / Industrie",Mécanique / Industrie,Mathématiques,atelier,S,genie_industriel,False,genie_industriel
"Gestion / Entreprise, Communication, Commerce / Marketing, Communication","Communication, Gestion / Entreprise",,bureau,D,commerce_gestion,False,commerce_gestion
"Gestion / Entreprise, Finance / Comptabilité",Langues étrangères,,bureau,A,finance_comptabilite,False,finance_comptabilite
"Mathématiques, Physique / Electronique","Mathématiques, Mécanique / Industrie","Physique / Electronique, Mécanique / Industrie",atelier,Autre,genie_industriel,False,genie_industriel
"Informatique / Programmation, Mathématiques, Informatique / Programmation",Intelligence artificielle,Multimédia / Design,bureau,Autre,informatique_numerique,False,informatique_numerique
"Economie, Economie, Economie","Economie, Commerce / Marketing",Mathématiques,bureau,L,economie_management,False,economie_management
"Physique / Electronique, Mines / Géologie, Mines / Géologie","Mines / Géologie, Chimie, Physique / Electronique","Chimie, Mathématiques",terrain,S,chimie_mines,False,chimie_mines
"Mécanique / Industrie, Informatique / Programmation","Physique / Electronique, Informatique / Programmation, Physique / Electronique",Mécanique / Industrie,atelier,D,genie_industriel,False,genie_industriel
"Tourisme / Environnement, Langues étrangères","Tourisme / Environnement, Langues étrangères",Tourisme / Environnement,bureau,A,tourisme_environnement,False,tourisme_environnement
"Mécanique / Industrie, Mathématiques",Physique / Electronique,"Mines / Géologie, Chimie",terrain,S,chimie_mines,False,chimie_mines
"Chimie, Biologie / Santé, Pharmacie / Médicament","Pharmacie / Médicament, Pharmacie / Médicament",,laboratoire,D,pharmacie_sante,False,pharmacie_sante
"Agroalimentaire, Agroalimentaire, Agroalimentaire","Chimie, Agriculture / Elevage, Agroalimentaire","Chimie, Agroalimentaire",laboratoire,S,agroalimentaire,False,agroalimentaire
"Chimie, Biologie / Santé",Pharmacie / Médicament,"Pharmacie / Médicament, Pharmacie / Médicament",laboratoire,Autre,pharmacie_sante,False,pharmacie_sante
"Droit / Juridique, Langues étrangères","Droit / Juridique, Langues étrangères",Droit / Juridique,bureau,L,droit,False,droit
"Génie civil / Architecture, Mathématiques","Mathématiques, Mécanique / Industrie, Génie civil / Architecture",Mécanique / Industrie,terrain,D,genie_civil,False,genie_civil
"Statistiques / Données, Gestion / Entreprise","Economie, Economie, Gestion / Entreprise",,bureau,D,economie_management,False,economie_management
"Gestion / Entreprise, Communication","Gestion / Entreprise, Commerce / Marketing, Gestion / Entreprise",,bureau,A,commerce_gestion,False,commerce_gestion
"Chimie, Biologie / Santé, Agriculture / Elevage, Agroalimentaire","Biologie / Santé, Chimie",,laboratoire,S,agroalimentaire,False,agroalimentaire
"Réseaux / Systèmes, Informatique / Programmation, Réseaux / Systèmes",Informatique / Programmation,"Intelligence artificielle, Physique / Electronique",atelier,S,reseaux_electronique,False,reseaux_electronique
"Tourisme / Environnement, Langues étrangères","Tourisme / Environnement, Langues étrangères",Tourisme / Environnement,terrain,A,tourisme_environnement,False,tourisme_environnement
"Hôtellerie / Accueil, Hôtellerie / Accueil",Langues étrangères,,laboratoire,D,hotellerie_restauration,False,hotellerie_restauration
"Physique / Electronique, Physique / Electronique, Mécanique / Industrie","Mathématiques, Mécanique / Industrie, Physique / Electronique",Mathématiques,atelier,S,genie_industriel,False,genie_industriel
"Tourisme / Environnement, Langues étrangères","Tourisme / Environnement, Langues étrangères",Tourisme / Environnement,terrain,L,tourisme_environnement,False,tourisme_environnement
"Tourisme / Environnement, Hôtellerie / Accueil","Hôtellerie / Accueil, Hôtellerie / Accueil, Langues étrangères",Communication,contact_client,D,hotellerie_restauration,False,hotellerie_restauration
"Communication, Intelligence artificielle",Communication,,bureau,S,informatique_numerique,False,informatique_numerique
"Tourisme / Environnement, Langues étrangères","Tourisme / Environnement, Langues étrangères","Tourisme / Environnement, Langues étrangères",atelier,L,tourisme_environnement,False,tourisme_environnement
"Pharmacie / Médicament, Chimie",Biologie / Santé,Chimie,atelier,D,pharmacie_sante,False,pharmacie_sante
"Mathématiques, Mines / Géologie","Chimie, Mines / Géologie",Mathématiques,terrain,S,chimie_mines,False,chimie_mines
"Chimie, Biologie / Santé, Pharmacie / Médicament","Chimie, Biologie / Santé, Pharmacie / Médicament","Chimie, Pharmacie / Médicament",atelier,C,pharmacie_sante,False,pharmacie_sante
"Gestion / Entreprise, Réseaux / Systèmes, Réseaux / Systèmes",Gestion / Entreprise,"Communication, Gestion / Entreprise",bureau,S,informatique_numerique,False,informatique_numerique
"Finance / Comptabilité, Langues étrangères, Mathématiques","Gestion / Entreprise, Finance / Comptabilité, Langues étrangères",,bureau,Autre,finance_comptabilite,False,finance_comptabilite
"Chimie, Physique / Electronique, Mathématiques, Mathématiques",Mines / Géologie,"Mines / Géologie, Chimie",terrain,C,chimie_mines,False,chimie_mines
"Statistiques / Données, Intelligence artificielle, Economie, Mathématiques","Statistiques / Données, Statistiques / Données",Intelligence artificielle,bureau,D,data_ia,False,data_ia
"Mines / Géologie, Mathématiques, Mines / Géologie, Physique / Electronique","Chimie, Mines / Géologie, Mathématiques",,terrain,C,chimie_mines,False,chimie_mines
"Commerce / Marketing, Communication, Gestion / Entreprise, Commerce / Marketing",Economie,"Economie, Gestion / Entreprise",bureau,L,commerce_gestion,False,commerce_gestion
"Mines / Géologie, Chimie, Mathématiques, Mines / Géologie","Mécanique / Industrie, Chimie",Mathématiques,terrain,D,chimie_mines,False,chimie_mines
"Physique / Electronique, Réseaux / Systèmes","Physique / Electronique, Informatique / Programmation","Intelligence artificielle, Réseaux / Systèmes",atelier,D,reseaux_electronique,False,reseaux_electronique
"Biologie / Santé, Agriculture / Elevage","Biologie / Santé, Agriculture / Elevage",,terrain,C,agriculture_elevage,False,agriculture_elevage
"Chimie, Physique / Electronique","Mines / Géologie, Chimie, Physique / Electronique","Chimie, Mathématiques",terrain,D,chimie_mines,False,chimie_mines
"Biologie / Santé, Agriculture / Elevage","Biologie / Santé, Agriculture / Elevage","Biologie / Santé, Agriculture / Elevage",terrain,S,agriculture_elevage,False,agriculture_elevage
"Chimie, Biologie / Santé, Agriculture / Elevage, Agroalimentaire","Biologie / Santé, Agriculture / Elevage",,laboratoire,D,agroalimentaire,False,agroalimentaire
"Tourisme / Environnement, Langues étrangères","Tourisme / Environnement, Langues étrangères","Tourisme / Environnement, Langues étrangères",terrain,A,tourisme_environnement,False,tourisme_environnement
"Mathématiques, Physique / Electronique, Chimie","Mines / Géologie, Mathématiques, Mines / Géologie",Mines / Géologie,atelier,C,chimie_mines,False,chimie_mines
"Tourisme / Environnement, Langues étrangères","Tourisme / Environnement, Langues étrangères",,terrain,D,tourisme_environnement,False,tourisme_environnement
"Droit / Juridique, Langues étrangères","Droit / Juridique, Langues étrangères",,terrain,D,droit,False,droit
"Economie, Langues étrangères","Mathématiques, Gestion / Entreprise, Economie",Gestion / Entreprise,bureau,D,economie_management,False,economie_management
"Informatique / Programmation, Communication","Multimédia / Design, Informatique / Programmation, Réseaux / Systèmes","Statistiques / Données, Gestion / Entreprise",bureau,S,informatique_numerique,False,informatique_numerique
"Informatique / Programmation, Mathématiques, Physique / Electronique, Mécanique / Industrie","Mathématiques, Mécanique / Industrie, Mathématiques",,terrain,D,genie_industriel,False,genie_industriel
"Finance / Comptabilité, Commerce / Marketing",Gestion / Entreprise,,bureau,D,commerce_gestion,False,commerce_gestion
"Intelligence artificielle, Intelligence artificielle, Statistiques / Données",Mathématiques,"Statistiques / Données, Statistiques / Données",bureau,S,data_ia,False,data_ia
"Informatique / Programmation, Mathématiques, Intelligence artificielle","Statistiques / Données, Réseaux / Systèmes",,bureau,S,informatique_numerique,True,economie_management
"Biologie / Santé, Agriculture / Elevage","Biologie / Santé, Agriculture / Elevage","Biologie / Santé, Agriculture / Elevage",terrain,Autre,agriculture_elevage,True,pharmacie_sante
"Mathématiques, Mécanique / Industrie, Génie civil / Architecture","Génie civil / Architecture, Génie civil / Architecture",Génie civil / Architecture,terrain,C,genie_civil,False,genie_civil
"Statistiques / Données, Mathématiques, Economie","Economie, Commerce / Marketing, Statistiques / Données","Langues étrangères, Mathématiques",laboratoire,D,economie_management,False,economie_management
"Agroalimentaire, Agriculture / Elevage, Agroalimentaire","Biologie / Santé, Agroalimentaire","Chimie, Chimie",laboratoire,D,agroalimentaire,False,agroalimentaire
"Communication, Tourisme / Environnement, Hôtellerie / Accueil, Langues étrangères",Tourisme / Environnement,"Langues étrangères, Tourisme / Environnement",contact_client,D,hotellerie_restauration,False,hotellerie_restauration
"Droit / Juridique, Langues étrangères","Droit / Juridique, Langues étrangères",Droit / Juridique,laboratoire,D,droit,False,droit
"Réseaux / Systèmes, Réseaux / Systèmes, Intelligence artificielle","Statistiques / Données, Multimédia / Design",,contact_client,C,informatique_numerique,False,informatique_numerique
"Chimie, Biologie / Santé, Pharmacie / Médicament",Chimie,,laboratoire,C,pharmacie_sante,False,pharmacie_sante
"Gestion / Entreprise, Commerce / Marketing","Gestion / Entreprise, Gestion / Entreprise, Economie","Commerce / Marketing, Economie",bureau,D,economie_management,False,economie_management
"Intelligence artificielle, Intelligence artificielle","Informatique / Programmation, Statistiques / Données",,terrain,D,data_ia,False,data_ia
"Informatique / Programmation, Mathématiques, Physique / Electronique, Mécanique / Industrie","Informatique / Programmation, Mécanique / Industrie",Physique / Electronique,atelier,S,genie_industriel,False,genie_industriel
"Droit / Juridique, Langues étrangères","Droit / Juridique, Langues étrangères","Droit / Juridique, Langues étrangères",bureau,Autre,droit,False,droit
"Tourisme / Environnement, Langues étrangères",Tourisme / Environnement,"Tourisme / Environnement, Langues étrangères",contact_client,D,tourisme_environnement,False,tourisme_environnement
"Mathématiques, Mécanique / Industrie, Génie civil / Architecture","Mathématiques, Mécanique / Industrie, Génie civil / Architecture","Génie civil / Architecture, Génie civil / Architecture",terrain,S,genie_civil,False,genie_civil
"Communication, Tourisme / Environnement, Hôtellerie / Accueil, Langues étrangères",Hôtellerie / Accueil,Tourisme / Environnement,laboratoire,D,hotellerie_restauration,False,hotellerie_restauration
"Gestion / Entreprise, Commerce / Marketing","Communication, Commerce / Marketing, Communication","Finance / Comptabilité, Langues étrangères",bureau,D,commerce_gestion,False,commerce_gestion
"Droit / Juridique, Langues étrangères",Langues étrangères,"Droit / Juridique, Langues étrangères",bureau,A,droit,False,droit
"Physique / Electronique, Informatique / Programmation",Informatique / Programmation,"Réseaux / Systèmes, Physique / Electronique",atelier,S,reseaux_electronique,False,reseaux_electronique
"Mathématiques, Mécanique / Industrie, Génie civil / Architecture","Mathématiques, Mécanique / Industrie, Génie civil / Architecture","Mathématiques, Génie civil / Architecture",terrain,D,genie_civil,False,genie_civil
"Droit / Juridique, Langues étrangères",Droit / Juridique,"Droit / Juridique, Langues étrangères",bureau,D,droit,False,droit
"Mathématiques, Mécanique / Industrie, Génie civil / Architecture","Mathématiques, Mécanique / Industrie, Génie civil / Architecture",Mathématiques,terrain,C,genie_civil,False,genie_civil
"Réseaux / Systèmes, Multimédia / Design, Intelligence artificielle",Intelligence artificielle,Multimédia / Design,bureau,D,informatique_numerique,False,informatique_numerique
"Agroalimentaire, Agroalimentaire","Agroalimentaire, Agriculture / Elevage, Agroalimentaire",Biologie / Santé,laboratoire,D,agroalimentaire,False,agroalimentaire
"Mines / Géologie, Physique / Electronique, Chimie, Mines / Géologie","Physique / Electronique, Mécanique / Industrie",,terrain,S,chimie_mines,False,chimie_mines
"Mécanique / Industrie, Informatique / Programmation","Mécanique / Industrie, Informatique / Programmation, Physique / Electronique",Informatique / Programmation,atelier,S,genie_industriel,False,genie_industriel
"Réseaux / Systèmes, Communication, Gestion / Entreprise",Intelligence artificielle,,bureau,S,informatique_numerique,False,informatique_numerique
"Mécanique / Industrie, Génie civil / Architecture",Mathématiques,,terrain,Autre,genie_civil,True,economie_management
"Gestion / Entreprise, Statistiques / Données, Langues étrangères, Finance / Comptabilité","Finance / Comptabilité, Finance / Comptabilité",Finance / Comptabilité,bureau,D,finance_comptabilite,True,informatique_numerique
"Informatique / Programmation, Intelligence artificielle, Réseaux / Systèmes, Physique / Electronique",Informatique / Programmation,"Physique / Electronique, Intelligence artificielle",atelier,D,reseaux_electronique,False,reseaux_electronique
"Biologie / Santé, Agriculture / Elevage",Agriculture / Elevage,Agriculture / Elevage,terrain,D,agriculture_elevage,False,agriculture_elevage
"Commerce / Marketing, Gestion / Entreprise, Gestion / Entreprise","Langues étrangères, Gestion / Entreprise",,bureau,A,commerce_gestion,False,commerce_gestion
"Communication, Tourisme / Environnement, Hôtellerie / Accueil, Langues étrangères","Tourisme / Environnement, Hôtellerie / Accueil",Communication,atelier,A,hotellerie_restauration,True,droit
"Mathématiques, Réseaux / Systèmes, Communication","Communication, Mathématiques",,bureau,S,informatique_numerique,False,informatique_numerique
"Tourisme / Environnement, Langues étrangères",Langues étrangères,Langues étrangères,terrain,A,tourisme_environnement,False,tourisme_environnement
"Communication, Tourisme / Environnement, Hôtellerie / Accueil, Langues étrangères",Communication,,contact_client,D,hotellerie_restauration,False,hotellerie_restauration
"Communication, Tourisme / Environnement, Hôtellerie / Accueil","Hôtellerie / Accueil, Communication, Communication",,contact_client,Autre,hotellerie_restauration,True,tourisme_environnement
"Mines / Géologie, Chimie",Chimie,Mathématiques,terrain,S,chimie_mines,False,chimie_mines
"Tourisme / Environnement, Langues étrangères",Tourisme / Environnement,"Tourisme / Environnement, Langues étrangères",terrain,A,tourisme_environnement,False,tourisme_environnement
"Réseaux / Systèmes, Mathématiques, Mathématiques","Mathématiques, Réseaux / Systèmes","Mathématiques, Multimédia / Design",bureau,S,informatique_numerique,False,informatique_numerique
"Statistiques / Données, Statistiques / Données","Mathématiques, Statistiques / Données","Gestion / Entreprise, Langues étrangères",bureau,Technique,economie_management,False,economie_management
"Commerce / Marketing, Gestion / Entreprise","Langues étrangères, Gestion / Entreprise, Commerce / Marketing",,laboratoire,A,commerce_gestion,False,commerce_gestion
"Mathématiques, Economie, Economie",Economie,Commerce / Marketing,bureau,L,economie_management,False,economie_management
"Biologie / Santé, Agriculture / Elevage","Biologie / Santé, Agriculture / Elevage","Biologie / Santé, Agriculture / Elevage",terrain,S,agriculture_elevage,False,agriculture_elevage
"Physique / Electronique, Mécanique / Industrie, Mines / Géologie",Chimie,"Mathématiques, Chimie",terrain,D,chimie_mines,False,chimie_mines
"Economie, Statistiques / Données, Statistiques / Données, Informatique / Programmation",Mathématiques,"Intelligence artificielle, Statistiques / Données",bureau,S,data_ia,False,data_ia
"Physique / Electronique, Réseaux / Systèmes, Physique / Electronique","Intelligence artificielle, Réseaux / Systèmes, Intelligence artificielle","Physique / Electronique, Intelligence artificielle",atelier,S,reseaux_electronique,False,reseaux_electronique
"Informatique / Programmation, Intelligence artificielle, Réseaux / Systèmes, Physique / Electronique","Réseaux / Systèmes, Réseaux / Systèmes",,terrain,S,reseaux_electronique,False,reseaux_electronique
"Commerce / Marketing, Gestion / Entreprise, Gestion / Entreprise, Commerce / Marketing","Gestion / Entreprise, Langues étrangères, Commerce / Marketing","Gestion / Entreprise, Economie",bureau,L,commerce_gestion,False,commerce_gestion
"Communication, Gestion / Entreprise, Communication, Economie","Gestion / Entreprise, Communication",Commerce / Marketing,bureau,D,commerce_gestion,False,commerce_gestion
"Communication, Commerce / Marketing, Finance / Comptabilité","Commerce / Marketing, Gestion / Entreprise",Economie,bureau,Technique,commerce_gestion,False,commerce_gestion
"Commerce / Marketing, Langues étrangères","Commerce / Marketing, Commerce / Marketing",,bureau,A,commerce_gestion,False,commerce_gestion
"Statistiques / Données, Statistiques / Données, Informatique / Programmation","Statistiques / Données, Economie",Mathématiques,bureau,D,data_ia,False,data_ia
"Réseaux / Systèmes, Réseaux / Systèmes, Informatique / Programmation","Réseaux / Systèmes, Informatique / Programmation",Physique / Electronique,terrain,S,reseaux_electronique,False,reseaux_electronique
"Agroalimentaire, Chimie, Chimie","Biologie / Santé, Chimie",,laboratoire,S,agroalimentaire,False,agroalimentaire
"Economie, Mathématiques, Mathématiques","Commerce / Marketing, Gestion / Entreprise, Mathématiques",,bureau,L,economie_management,False,economie_management
"Droit / Juridique, Langues étrangères",Droit / Juridique,,bureau,D,droit,False,droit
"Tourisme / Environnement, Langues étrangères",Tourisme / Environnement,,terrain,A,tourisme_environnement,False,tourisme_environnement
"Agroalimentaire, Agroalimentaire, Agroalimentaire","Biologie / Santé, Agriculture / Elevage, Biologie / Santé",,laboratoire,C,agroalimentaire,False,agroalimentaire
"Chimie, Biologie / Santé, Agriculture / Elevage, Agroalimentaire","Biologie / Santé, Agroalimentaire",Biologie / Santé,contact_client,D,agroalimentaire,False,agroalimentaire
"Informatique / Programmation, Intelligence artificielle, Réseaux / Systèmes, Physique / Electronique","Intelligence artificielle, Réseaux / Systèmes",,atelier,S,reseaux_electronique,False,reseaux_electronique
"Physique / Electronique, Informatique / Programmation, Réseaux / Systèmes","Réseaux / Systèmes, Physique / Electronique, Réseaux / Systèmes",Physique / Electronique,atelier,D,reseaux_electronique,False,reseaux_electronique
"Economie, Economie","Economie, Langues étrangères",Langues étrangères,bureau,D,economie_management,False,economie_management
"Informatique / Programmation, Intelligence artificielle, Réseaux / Systèmes, Physique / Electronique","Réseaux / Systèmes, Réseaux / Systèmes","Réseaux / Systèmes, Intelligence artificielle",atelier,S,reseaux_electronique,False,reseaux_electronique
"Mathématiques, Mécanique / Industrie, Mathématiques","Physique / Electronique, Mécanique / Industrie, Mécanique / Industrie","Mécanique / Industrie, Mécanique / Industrie",atelier,D,genie_industriel,False,genie_industriel
"Informatique / Programmation, Mathématiques, Physique / Electronique, Mécanique / Industrie","Informatique / Programmation, Informatique / Programmation, Mécanique / Industrie",Mécanique / Industrie,terrain,S,genie_industriel,False,genie_industriel
"Chimie, Biologie / Santé, Agriculture / Elevage, Agroalimentaire","Biologie / Santé, Biologie / Santé",Agroalimentaire,laboratoire,S,agroalimentaire,False,agroalimentaire
"Communication, Tourisme / Environnement, Hôtellerie / Accueil, Langues étrangères","Tourisme / Environnement, Tourisme / Environnement, Langues étrangères","Communication, Communication",contact_client,Technique,hotellerie_restauration,False,hotellerie_restauration
"Chimie, Biologie / Santé, Pharmacie / Médicament","Pharmacie / Médicament, Pharmacie / Médicament","Pharmacie / Médicament, Biologie / Santé",laboratoire,D,pharmacie_sante,False,pharmacie_sante
"Economie, Mathématiques, Mathématiques","Commerce / Marketing, Mathématiques, Economie",Gestion / Entreprise,bureau,A,economie_management,False,economie_management
"Multimédia / Design, Réseaux / Systèmes, Intelligence artificielle",Mathématiques,,bureau,C,informatique_numerique,False,informatique_numerique
"Informatique / Programmation, Intelligence artificielle",Informatique / Programmation,Mathématiques,bureau,S,informatique_numerique,False,informatique_numerique
"Informatique / Programmation, Economie, Intelligence artificielle, Statistiques / Données","Intelligence artificielle, Statistiques / Données",,contact_client,S,data_ia,False,data_ia
"Physique / Electronique, Mécanique / Industrie, Mathématiques",Mathématiques,"Informatique / Programmation, Mathématiques",atelier,Autre,genie_industriel,False,genie_industriel
"Statistiques / Données, Langues étrangères, Finance / Comptabilité","Gestion / Entreprise, Langues étrangères, Statistiques / Données",,bureau,D,finance_comptabilite,False,finance_comptabilite
"Informatique / Programmation, Intelligence artificielle, Réseaux / Systèmes, Physique / Electronique",Physique / Electronique,Informatique / Programmation,contact_client,S,reseaux_electronique,False,reseaux_electronique
"Gestion / Entreprise, Statistiques / Données, Multimédia / Design, Statistiques / Données",Informatique / Programmation,"Multimédia / Design, Intelligence artificielle",contact_client,S,informatique_numerique,False,informatique_numerique
"Droit / Juridique, Langues étrangères","Droit / Juridique, Langues étrangères",Droit / Juridique,bureau,Autre,droit,False,droit
"Droit / Juridique, Langues étrangères","Droit / Juridique, Langues étrangères","Droit / Juridique, Langues étrangères",atelier,D,droit,False,droit
"Economie, Gestion / Entreprise, Economie, Mathématiques","Economie, Langues étrangères","Statistiques / Données, Gestion / Entreprise",laboratoire,Technique,economie_management,False,economie_management
"Statistiques / Données, Finance / Comptabilité, Mathématiques, Finance / Comptabilité","Statistiques / Données, Mathématiques, Langues étrangères","Mathématiques, Statistiques / Données",bureau,Technique,finance_comptabilite,False,finance_comptabilite
"Mines / Géologie, Mathématiques, Mines / Géologie, Mines / Géologie","Mines / Géologie, Mathématiques","Mécanique / Industrie, Chimie",terrain,Autre,chimie_mines,False,chimie_mines
"Mathématiques, Mécanique / Industrie, Génie civil / Architecture","Génie civil / Architecture, Mathématiques","Mathématiques, Mathématiques",terrain,D,genie_civil,False,genie_civil
"Economie, Commerce / Marketing, Langues étrangères","Gestion / Entreprise, Langues étrangères, Communication",,bureau,D,commerce_gestion,False,commerce_gestion
"Biologie / Santé, Agriculture / Elevage","Biologie / Santé, Agriculture / Elevage","Biologie / Santé, Agriculture / Elevage",terrain,S,agriculture_elevage,False,agriculture_elevage
"Informatique / Programmation, Réseaux / Systèmes, Multimédia / Design, Informatique / Programmation","Informatique / Programmation, Intelligence artificielle","Multimédia / Design, Multimédia / Design",terrain,S,informatique_numerique,False,informatique_numerique
"Chimie, Mécanique / Industrie, Mécanique / Industrie","Chimie, Mécanique / Industrie",Mines / Géologie,terrain,D,chimie_mines,False,chimie_mines
"Communication, Tourisme / Environnement, Hôtellerie / Accueil, Langues étrangères",Tourisme / Environnement,Communication,laboratoire,D,hotellerie_restauration,True,finance_comptabilite
"Statistiques / Données, Economie, Statistiques / Données, Intelligence artificielle","Statistiques / Données, Intelligence artificielle, Statistiques / Données",Informatique / Programmation,bureau,Autre,data_ia,False,data_ia
"Mathématiques, Génie civil / Architecture","Mathématiques, Mécanique / Industrie, Génie civil / Architecture",,laboratoire,S,genie_civil,False,genie_civil
"Tourisme / Environnement, Langues étrangères",Langues étrangères,,terrain,Technique,tourisme_environnement,True,economie_management
"Informatique / Programmation, Mathématiques, Physique / Electronique, Mécanique / Industrie","Mécanique / Industrie, Physique / Electronique, Mécanique / Industrie",Mécanique / Industrie,atelier,D,genie_industriel,False,genie_industriel
"Communication, Hôtellerie / Accueil, Communication","Tourisme / Environnement, Hôtellerie / Accueil","Tourisme / Environnement, Tourisme / Environnement",terrain,A,hotellerie_restauration,True,informatique_numerique
"Mathématiques, Mécanique / Industrie, Génie civil / Architecture",Génie civil / Architecture,"Génie civil / Architecture, Génie civil / Architecture",terrain,S,genie_civil,False,genie_civil
"Mathématiques, Statistiques / Données, Intelligence artificielle",Statistiques / Données,Mathématiques,bureau,S,data_ia,False,data_ia
"Chimie, Biologie / Santé, Pharmacie / Médicament","Chimie, Chimie",,laboratoire,Autre,pharmacie_sante,False,pharmacie_sante
"Génie civil / Architecture, Mécanique / Industrie","Mathématiques, Mécanique / Industrie, Génie civil / Architecture",,terrain,D,genie_civil,False,genie_civil
"Chimie, Biologie / Santé, Pharmacie / Médicament","Biologie / Santé, Chimie",,laboratoire,S,pharmacie_sante,False,pharmacie_sante
"Mathématiques, Mécanique / Industrie, Génie civil / Architecture","Mathématiques, Génie civil / Architecture","Mécanique / Industrie, Génie civil / Architecture",terrain,C,genie_civil,False,genie_civil
"Commerce / Marketing, Finance / Comptabilité, Commerce / Marketing, Commerce / Marketing","Gestion / Entreprise, Economie, Commerce / Marketing","Gestion / Entreprise, Gestion / Entreprise",bureau,A,commerce_gestion,False,commerce_gestion
"Statistiques / Données, Mathématiques, Mathématiques",Statistiques / Données,"Statistiques / Données, Economie",bureau,D,economie_management,False,economie_management
"Chimie, Biologie / Santé, Agriculture / Elevage, Agroalimentaire",Agroalimentaire,"Agriculture / Elevage, Biologie / Santé",laboratoire,S,agroalimentaire,False,agroalimentaire
"Intelligence artificielle, Gestion / Entreprise, Multimédia / Design","Gestion / Entreprise, Mathématiques, Intelligence artificielle",,bureau,D,informatique_numerique,False,informatique_numerique
"Droit / Juridique, Langues étrangères","Droit / Juridique, Langues étrangères","Droit / Juridique, Langues étrangères",laboratoire,Autre,droit,False,droit
"Biologie / Santé, Agriculture / Elevage",Biologie / Santé,Agriculture / Elevage,atelier,C,agriculture_elevage,False,agriculture_elevage
"Réseaux / Systèmes, Réseaux / Systèmes, Réseaux / Systèmes","Réseaux / Systèmes, Intelligence artificielle",Réseaux / Systèmes,atelier,S,reseaux_electronique,False,reseaux_electronique
"Mathématiques, Mathématiques, Finance / Comptabilité","Langues étrangères, Finance / Comptabilité, Statistiques / Données",,bureau,D,finance_comptabilite,False,finance_comptabilite
"Droit / Juridique, Langues étrangères",Droit / Juridique,,bureau,A,droit,False,droit
"Droit / Juridique, Langues étrangères","Droit / Juridique, Langues étrangères",,bureau,Autre,droit,False,droit
"Intelligence artificielle, Statistiques / Données, Intelligence artificielle","Intelligence artificielle, Communication, Réseaux / Systèmes",Informatique / Programmation,bureau,D,informatique_numerique,False,informatique_numerique
"Mathématiques, Economie",Mathématiques,,bureau,D,economie_management,False,economie_management
"Tourisme / Environnement, Langues étrangères","Tourisme / Environnement, Langues étrangères",,terrain,L,tourisme_environnement,False,tourisme_environnement
"Mathématiques, Mécanique / Industrie, Génie civil / Architecture","Mathématiques, Mécanique / Industrie, Génie civil / Architecture",Génie civil / Architecture,terrain,S,genie_civil,True,informatique_numerique
"Communication, Tourisme / Environnement, Hôtellerie / Accueil, Langues étrangères",Communication,,contact_client,L,hotellerie_restauration,False,hotellerie_restauration
"Mathématiques, Informatique / Programmation, Economie","Mathématiques, Mathématiques",Intelligence artificielle,bureau,S,data_ia,False,data_ia
"Mathématiques, Mécanique / Industrie, Génie civil / Architecture",Mathématiques,"Génie civil / Architecture, Génie civil / Architecture",terrain,C,genie_civil,False,genie_civil
"Hôtellerie / Accueil, Hôtellerie / Accueil, Hôtellerie / Accueil",Communication,,contact_client,A,hotellerie_restauration,False,hotellerie_restauration
"Mathématiques, Statistiques / Données, Statistiques / Données, Gestion / Entreprise",Finance / Comptabilité,Langues étrangères,bureau,A,finance_comptabilite,False,finance_comptabilite
"Physique / Electronique, Physique / Electronique","Réseaux / Systèmes, Réseaux / Systèmes, Physique / Electronique","Réseaux / Systèmes, Intelligence artificielle",atelier,D,reseaux_electronique,False,reseaux_electronique
"Biologie / Santé, Agroalimentaire",Chimie,"Agroalimentaire, Agroalimentaire",laboratoire,S,agroalimentaire,False,agroalimentaire
"Chimie, Biologie / Santé",Agroalimentaire,,bureau,S,agroalimentaire,False,agroalimentaire
"Mathématiques, Mécanique / Industrie","Informatique / Programmation, Mathématiques",,atelier,S,genie_industriel,False,genie_industriel
"Informatique / Programmation, Intelligence artificielle","Réseaux / Systèmes, Physique / Electronique","Réseaux / Systèmes, Intelligence artificielle",atelier,C,reseaux_electronique,False,reseaux_electronique
"Droit / Juridique, Langues étrangères",Droit / Juridique,"Droit / Juridique, Langues étrangères",bureau,A,droit,False,droit
"Mathématiques, Mathématiques, Mécanique / Industrie, Mines / Géologie","Mines / Géologie, Mathématiques",Mines / Géologie,terrain,S,chimie_mines,False,chimie_mines
"Multimédia / Design, Gestion / Entreprise","Informatique / Programmation, Informatique / Programmation","Réseaux / Systèmes, Réseaux / Systèmes",bureau,D,informatique_numerique,False,informatique_numerique
"Informatique / Programmation, Multimédia / Design, Intelligence artificielle, Informatique / Programmation",Gestion / Entreprise,"Informatique / Programmation, Réseaux / Systèmes",atelier,S,informatique_numerique,False,informatique_numerique
"Langues étrangères, Economie, Gestion / Entreprise, Economie","Economie, Mathématiques",,bureau,D,economie_management,False,economie_management
"Mécanique / Industrie, Mécanique / Industrie, Physique / Electronique","Physique / Electronique, Mécanique / Industrie",Mécanique / Industrie,atelier,S,genie_industriel,False,genie_industriel
"Economie, Intelligence artificielle, Statistiques / Données, Informatique / Programmation","Statistiques / Données, Mathématiques",,bureau,Autre,data_ia,False,data_ia
"Finance / Comptabilité, Gestion / Entreprise","Mathématiques, Finance / Comptabilité, Mathématiques",Mathématiques,bureau,A,finance_comptabilite,False,finance_comptabilite
"Communication, Tourisme / Environnement, Hôtellerie / Accueil, Langues étrangères","Communication, Langues étrangères, Hôtellerie / Accueil",,contact_client,D,hotellerie_restauration,False,hotellerie_restauration
"Intelligence artificielle, Informatique / Programmation, Réseaux / Systèmes",Physique / Electronique,"Physique / Electronique, Informatique / Programmation",atelier,S,reseaux_electronique,False,reseaux_electronique
"Statistiques / Données, Statistiques / Données, Mathématiques","Gestion / Entreprise, Commerce / Marketing","Economie, Mathématiques",bureau,Technique,economie_management,True,data_ia
"Informatique / Programmation, Mathématiques, Physique / Electronique, Mécanique / Industrie","Physique / Electronique, Mécanique / Industrie",Physique / Electronique,atelier,D,genie_industriel,False,genie_industriel
"Statistiques / Données, Intelligence artificielle, Statistiques / Données","Intelligence artificielle, Economie, Statistiques / Données",,bureau,D,data_ia,False,data_ia
"Tourisme / Environnement, Langues étrangères","Hôtellerie / Accueil, Communication, Tourisme / Environnement","Langues étrangères, Hôtellerie / Accueil",contact_client,D,hotellerie_restauration,False,hotellerie_restauration
"Intelligence artificielle, Mathématiques, Mathématiques",Mathématiques,"Mathématiques, Economie",atelier,D,data_ia,False,data_ia
"Droit / Juridique, Langues étrangères","Droit / Juridique, Langues étrangères","Droit / Juridique, Langues étrangères",contact_client,D,droit,False,droit
"Mathématiques, Mécanique / Industrie, Génie civil / Architecture","Mathématiques, Mécanique / Industrie, Génie civil / Architecture",Génie civil / Architecture,terrain,S,genie_civil,False,genie_civil
"Chimie, Biologie / Santé, Pharmacie / Médicament","Biologie / Santé, Chimie",Pharmacie / Médicament,laboratoire,S,pharmacie_sante,False,pharmacie_sante
"Gestion / Entreprise, Gestion / Entreprise",Finance / Comptabilité,,bureau,A,finance_comptabilite,True,commerce_gestion
"Economie, Gestion / Entreprise, Statistiques / Données","Langues étrangères, Economie, Commerce / Marketing",Mathématiques,laboratoire,D,economie_management,False,economie_management
"Physique / Electronique, Physique / Electronique, Informatique / Programmation","Mécanique / Industrie, Informatique / Programmation",Mathématiques,atelier,S,genie_industriel,False,genie_industriel
"Informatique / Programmation, Intelligence artificielle, Réseaux / Systèmes, Physique / Electronique","Physique / Electronique, Intelligence artificielle, Physique / Electronique","Intelligence artificielle, Physique / Electronique",atelier,S,reseaux_electronique,False,reseaux_electronique
"Gestion / Entreprise, Gestion / Entreprise, Commerce / Marketing, Commerce / Marketing","Gestion / Entreprise, Mathématiques",Mathématiques,bureau,A,economie_management,False,economie_management
"Biologie / Santé, Agriculture / Elevage","Biologie / Santé, Agriculture / Elevage",Agriculture / Elevage,atelier,S,agriculture_elevage,False,agriculture_elevage
"Droit / Juridique, Langues étrangères","Droit / Juridique, Langues étrangères","Droit / Juridique, Langues étrangères",bureau,Autre,droit,False,droit
"Hôtellerie / Accueil, Tourisme / Environnement","Tourisme / Environnement, Communication, Hôtellerie / Accueil",Hôtellerie / Accueil,bureau,D,hotellerie_restauration,True,tourisme_environnement
"Biologie / Santé, Agriculture / Elevage",Agriculture / Elevage,"Biologie / Santé, Agriculture / Elevage",contact_client,D,agriculture_elevage,False,agriculture_elevage
"Finance / Comptabilité, Gestion / Entreprise, Finance / Comptabilité, Langues étrangères","Economie, Gestion / Entreprise",Commerce / Marketing,bureau,D,commerce_gestion,False,commerce_gestion
"Mines / Géologie, Mécanique / Industrie, Mines / Géologie","Mécanique / Industrie, Mines / Géologie","Mines / Géologie, Mécanique / Industrie",terrain,D,chimie_mines,False,chimie_mines
"Intelligence artificielle, Physique / Electronique","Intelligence artificielle, Intelligence artificielle, Réseaux / Systèmes","Informatique / Programmation, Informatique / Programmation",atelier,S,reseaux_electronique,False,reseaux_electronique
"Tourisme / Environnement, Langues étrangères","Tourisme / Environnement, Langues étrangères","Tourisme / Environnement, Langues étrangères",terrain,Autre,tourisme_environnement,False,tourisme_environnement
"Informatique / Programmation, Intelligence artificielle, Réseaux / Systèmes, Physique / Electronique","Réseaux / Systèmes, Intelligence artificielle, Réseaux / Systèmes",Réseaux / Systèmes,atelier,S,reseaux_electronique,False,reseaux_electronique
"Tourisme / Environnement, Langues étrangères","Tourisme / Environnement, Langues étrangères",Tourisme / Environnement,atelier,A,tourisme_environnement,False,tourisme_environnement
"Droit / Juridique, Langues étrangères",Droit / Juridique,,bureau,D,droit,False,droit
"Pharmacie / Médicament, Chimie",Biologie / Santé,,laboratoire,Autre,pharmacie_sante,False,pharmacie_sante
"Droit / Juridique, Langues étrangères",Droit / Juridique,Droit / Juridique,bureau,D,droit,False,droit
"Mines / Géologie, Chimie, Mathématiques",Mines / Géologie,"Mathématiques, Mathématiques",terrain,S,chimie_mines,False,chimie_mines
"Tourisme / Environnement, Langues étrangères","Tourisme / Environnement, Langues étrangères","Tourisme / Environnement, Langues étrangères",terrain,D,tourisme_environnement,False,tourisme_environnement
"Biologie / Santé, Agriculture / Elevage","Biologie / Santé, Agriculture / Elevage",Agriculture / Elevage,terrain,C,agriculture_elevage,False,agriculture_elevage
"Biologie / Santé, Biologie / Santé","Biologie / Santé, Agroalimentaire, Chimie",,bureau,S,agroalimentaire,False,agroalimentaire
"Langues étrangères, Hôtellerie / Accueil, Hôtellerie / Accueil","Tourisme / Environnement, Tourisme / Environnement, Tourisme / Environnement","Langues étrangères, Hôtellerie / Accueil",contact_client,Technique,hotellerie_restauration,False,hotellerie_restauration
"Mines / Géologie, Mines / Géologie","Mathématiques, Mécanique / Industrie, Chimie","Mathématiques, Mines / Géologie",terrain,S,chimie_mines,False,chimie_mines
"Chimie, Biologie / Santé, Pharmacie / Médicament",Chimie,,laboratoire,C,pharmacie_sante,False,pharmacie_sante
"Tourisme / Environnement, Langues étrangères","Tourisme / Environnement, Langues étrangères",,terrain,L,tourisme_environnement,False,tourisme_environnement
"Chimie, Biologie / Santé, Agriculture / Elevage, Agroalimentaire","Agroalimentaire, Biologie / Santé",Agroalimentaire,bureau,C,agroalimentaire,False,agroalimentaire
"Informatique / Programmation, Mathématiques, Physique / Electronique, Mécanique / Industrie","Mécanique / Industrie, Physique / Electronique, Physique / Electronique",Physique / Electronique,atelier,S,genie_industriel,False,genie_industriel
"Mathématiques, Mécanique / Industrie, Génie civil / Architecture","Mathématiques, Mécanique / Industrie, Génie civil / Architecture","Mécanique / Industrie, Génie civil / Architecture",terrain,S,genie_civil,False,genie_civil
"Mathématiques, Mathématiques, Intelligence artificielle, Intelligence artificielle",Mathématiques,"Statistiques / Données, Economie",bureau,D,data_ia,False,data_ia
"Biologie / Santé, Agriculture / Elevage","Biologie / Santé, Agriculture / Elevage","Biologie / Santé, Agriculture / Elevage",contact_client,C,agriculture_elevage,False,agriculture_elevage
"Finance / Comptabilité, Finance / Comptabilité, Langues étrangères, Statistiques / Données","Mathématiques, Finance / Comptabilité","Gestion / Entreprise, Finance / Comptabilité",bureau,L,finance_comptabilite,False,finance_comptabilite
"Biologie / Santé, Pharmacie / Médicament","Pharmacie / Médicament, Pharmacie / Médicament",Biologie / Santé,laboratoire,S,pharmacie_sante,False,pharmacie_sante
"Informatique / Programmation, Intelligence artificielle, Réseaux / Systèmes, Physique / Electronique",Réseaux / Systèmes,,terrain,S,reseaux_electronique,False,reseaux_electronique
"Gestion / Entreprise, Informatique / Programmation, Informatique / Programmation, Statistiques / Données",Intelligence artificielle,Informatique / Programmation,bureau,S,informatique_numerique,False,informatique_numerique
"Mathématiques, Mathématiques, Mécanique / Industrie",Mathématiques,,atelier,S,genie_industriel,False,genie_industriel
"Mécanique / Industrie, Physique / Electronique","Mathématiques, Mathématiques","Physique / Electronique, Mathématiques",atelier,S,genie_industriel,False,genie_industriel
"Mines / Géologie, Chimie, Mécanique / Industrie, Chimie","Mines / Géologie, Mines / Géologie","Mécanique / Industrie, Mines / Géologie",terrain,D,chimie_mines,False,chimie_mines
"Langues étrangères, Communication, Hôtellerie / Accueil","Tourisme / Environnement, Communication",Hôtellerie / Accueil,atelier,D,hotellerie_restauration,True,informatique_numerique
"Gestion / Entreprise, Finance / Comptabilité, Langues étrangères, Gestion / Entreprise","Mathématiques, Finance / Comptabilité, Mathématiques","Statistiques / Données, Statistiques / Données",bureau,A,finance_comptabilite,False,finance_comptabilite
"Intelligence artificielle, Réseaux / Systèmes","Informatique / Programmation, Réseaux / Systèmes",,atelier,D,reseaux_electronique,False,reseaux_electronique
"Informatique / Programmation, Mathématiques, Intelligence artificielle, Statistiques / Données",Informatique / Programmation,"Intelligence artificielle, Intelligence artificielle",bureau,S,data_ia,False,data_ia
"Statistiques / Données, Mathématiques, Economie, Economie","Commerce / Marketing, Commerce / Marketing, Economie","Commerce / Marketing, Commerce / Marketing",bureau,Autre,economie_management,False,economie_management
"Agriculture / Elevage, Agroalimentaire, Agroalimentaire","Biologie / Santé, Biologie / Santé",Agroalimentaire,bureau,D,agroalimentaire,False,agroalimentaire
"Informatique / Programmation, Intelligence artificielle, Réseaux / Systèmes, Physique / Electronique",Informatique / Programmation,"Intelligence artificielle, Réseaux / Systèmes",contact_client,S,reseaux_electronique,False,reseaux_electronique
"Commerce / Marketing, Langues étrangères, Commerce / Marketing",Commerce / Marketing,"Langues étrangères, Gestion / Entreprise",contact_client,A,commerce_gestion,False,commerce_gestion
"Gestion / Entreprise, Economie, Statistiques / Données, Economie","Statistiques / Données, Gestion / Entreprise, Economie","Commerce / Marketing, Gestion / Entreprise",bureau,D,economie_management,False,economie_management
"Droit / Juridique, Langues étrangères","Droit / Juridique, Langues étrangères",,bureau,A,droit,False,droit
"Mathématiques, Economie","Economie, Commerce / Marketing, Economie",,bureau,D,economie_management,False,economie_management
"Gestion / Entreprise, Commerce / Marketing, Economie, Gestion / Entreprise",Langues étrangères,Statistiques / Données,atelier,Autre,economie_management,False,economie_management
"Statistiques / Données, Economie, Intelligence artificielle","Intelligence artificielle, Informatique / Programmation",Informatique / Programmation,atelier,S,data_ia,True,finance_comptabilite
"Pharmacie / Médicament, Biologie / Santé","Biologie / Santé, Biologie / Santé",Biologie / Santé,laboratoire,S,pharmacie_sante,False,pharmacie_sante
"Biologie / Santé, Biologie / Santé","Chimie, Biologie / Santé, Pharmacie / Médicament","Pharmacie / Médicament, Biologie / Santé",laboratoire,Autre,pharmacie_sante,False,pharmacie_sante
"Informatique / Programmation, Intelligence artificielle, Réseaux / Systèmes, Physique / Electronique","Informatique / Programmation, Informatique / Programmation, Informatique / Programmation",,atelier,S,reseaux_electronique,True,chimie_mines
"Physique / Electronique, Physique / Electronique",Informatique / Programmation,Physique / Electronique,atelier,S,reseaux_electronique,False,reseaux_electronique
"Mécanique / Industrie, Physique / Electronique",Physique / Electronique,"Mécanique / Industrie, Physique / Electronique",atelier,S,genie_industriel,False,genie_industriel
"Langues étrangères, Communication, Langues étrangères","Commerce / Marketing, Gestion / Entreprise, Finance / Comptabilité","Communication, Gestion / Entreprise",bureau,Autre,commerce_gestion,False,commerce_gestion
"Hôtellerie / Accueil, Communication, Hôtellerie / Accueil","Hôtellerie / Accueil, Communication, Langues étrangères",Hôtellerie / Accueil,contact_client,Technique,hotellerie_restauration,False,hotellerie_restauration
"Mathématiques, Mécanique / Industrie, Génie civil / Architecture","Mathématiques, Mécanique / Industrie, Génie civil / Architecture",Génie civil / Architecture,terrain,S,genie_civil,False,genie_civil
"Droit / Juridique, Langues étrangères",Langues étrangères,"Droit / Juridique, Langues étrangères",laboratoire,D,droit,False,droit
"Gestion / Entreprise, Intelligence artificielle, Informatique / Programmation, Communication",Intelligence artificielle,Mathématiques,bureau,D,informatique_numerique,False,informatique_numerique
"Réseaux / Systèmes, Informatique / Programmation, Réseaux / Systèmes","Informatique / Programmation, Physique / Electronique, Informatique / Programmation","Réseaux / Systèmes, Réseaux / Systèmes",contact_client,S,reseaux_electronique,False,reseaux_electronique
"Tourisme / Environnement, Langues étrangères","Tourisme / Environnement, Langues étrangères",,terrain,D,tourisme_environnement,False,tourisme_environnement
"Gestion / Entreprise, Finance / Comptabilité, Finance / Comptabilité","Mathématiques, Gestion / Entreprise",Finance / Comptabilité,bureau,Autre,finance_comptabilite,False,finance_comptabilite
"Intelligence artificielle, Informatique / Programmation",Intelligence artificielle,,atelier,S,data_ia,False,data_ia
"Droit / Juridique, Langues étrangères","Droit / Juridique, Langues étrangères",,bureau,A,droit,False,droit
"Chimie, Biologie / Santé, Pharmacie / Médicament","Chimie, Biologie / Santé, Pharmacie / Médicament",Pharmacie / Médicament,laboratoire,D,pharmacie_sante,True,agriculture_elevage
"Mathématiques, Mathématiques, Intelligence artificielle, Multimédia / Design","Communication, Communication","Gestion / Entreprise, Gestion / Entreprise",bureau,D,informatique_numerique,False,informatique_numerique
"Pharmacie / Médicament, Chimie","Chimie, Biologie / Santé, Pharmacie / Médicament","Biologie / Santé, Chimie",laboratoire,D,pharmacie_sante,True,agroalimentaire
"Mécanique / Industrie, Physique / Electronique, Physique / Electronique","Physique / Electronique, Physique / Electronique, Mathématiques","Mécanique / Industrie, Informatique / Programmation",atelier,C,genie_industriel,True,genie_civil
"Informatique / Programmation, Mathématiques, Mathématiques",Physique / Electronique,"Informatique / Programmation, Physique / Electronique",atelier,Autre,genie_industriel,False,genie_industriel
"Mathématiques, Gestion / Entreprise, Mathématiques","Finance / Comptabilité, Statistiques / Données, Finance / Comptabilité",Finance / Comptabilité,bureau,L,finance_comptabilite,False,finance_comptabilite
"Informatique / Programmation, Economie, Mathématiques, Intelligence artificielle","Statistiques / Données, Intelligence artificielle, Intelligence artificielle",Statistiques / Données,bureau,D,data_ia,False,data_ia
"Gestion / Entreprise, Statistiques / Données, Mathématiques, Langues étrangères","Gestion / Entreprise, Mathématiques, Gestion / Entreprise","Mathématiques, Economie",bureau,A,economie_management,True,droit
"Chimie, Biologie / Santé, Agriculture / Elevage, Agroalimentaire","Agroalimentaire, Agroalimentaire, Agriculture / Elevage",,bureau,S,agroalimentaire,False,agroalimentaire
"Gestion / Entreprise, Gestion / Entreprise",Commerce / Marketing,Economie,bureau,D,commerce_gestion,True,finance_comptabilite
"Chimie, Biologie / Santé, Pharmacie / Médicament","Chimie, Biologie / Santé, Pharmacie / Médicament",,laboratoire,S,pharmacie_sante,False,pharmacie_sante
"Communication, Langues étrangères, Langues étrangères, Communication","Langues étrangères, Langues étrangères","Commerce / Marketing, Gestion / Entreprise",bureau,D,commerce_gestion,False,commerce_gestion
"Commerce / Marketing, Mathématiques, Mathématiques, Commerce / Marketing","Statistiques / Données, Mathématiques, Statistiques / Données","Commerce / Marketing, Langues étrangères",bureau,A,economie_management,False,economie_management
"Biologie / Santé, Biologie / Santé, Agriculture / Elevage","Agroalimentaire, Biologie / Santé, Chimie",,laboratoire,D,agroalimentaire,False,agroalimentaire
"Physique / Electronique, Mathématiques, Informatique / Programmation","Mathématiques, Physique / Electronique",Mécanique / Industrie,bureau,D,genie_industriel,False,genie_industriel
"Tourisme / Environnement, Langues étrangères","Tourisme / Environnement, Langues étrangères","Tourisme / Environnement, Langues étrangères",terrain,D,tourisme_environnement,False,tourisme_environnement
"Intelligence artificielle, Informatique / Programmation, Informatique / Programmation","Réseaux / Systèmes, Physique / Electronique, Physique / Electronique",,atelier,C,reseaux_electronique,False,reseaux_electronique
"Agriculture / Elevage, Biologie / Santé, Agroalimentaire","Chimie, Agroalimentaire, Chimie","Agriculture / Elevage, Chimie",laboratoire,D,agroalimentaire,False,agroalimentaire
"Réseaux / Systèmes, Informatique / Programmation, Gestion / Entreprise, Informatique / Programmation","Mathématiques, Réseaux / Systèmes, Mathématiques",,bureau,D,informatique_numerique,False,informatique_numerique
"Langues étrangères, Commerce / Marketing, Communication","Communication, Gestion / Entreprise, Communication","Communication, Communication",bureau,A,commerce_gestion,False,commerce_gestion
"Mathématiques, Economie, Statistiques / Données, Mathématiques",Gestion / Entreprise,Economie,bureau,A,economie_management,True,chimie_mines
"Mines / Géologie, Chimie, Mathématiques, Chimie",Mines / Géologie,Mathématiques,terrain,C,chimie_mines,False,chimie_mines
"Mathématiques, Mathématiques, Gestion / Entreprise, Multimédia / Design","Mathématiques, Multimédia / Design, Multimédia / Design",,terrain,S,informatique_numerique,False,informatique_numerique
"Tourisme / Environnement, Langues étrangères","Tourisme / Environnement, Langues étrangères","Tourisme / Environnement, Langues étrangères",terrain,Autre,tourisme_environnement,False,tourisme_environnement
"Langues étrangères, Finance / Comptabilité, Statistiques / Données","Mathématiques, Finance / Comptabilité, Gestion / Entreprise",Mathématiques,bureau,L,finance_comptabilite,False,finance_comptabilite
"Mines / Géologie, Mécanique / Industrie, Mines / Géologie",Mines / Géologie,"Mécanique / Industrie, Mécanique / Industrie",terrain,S,chimie_mines,False,chimie_mines
"Gestion / Entreprise, Gestion / Entreprise, Commerce / Marketing","Gestion / Entreprise, Commerce / Marketing, Gestion / Entreprise",Economie,laboratoire,A,commerce_gestion,False,commerce_gestion
"Finance / Comptabilité, Finance / Comptabilité, Gestion / Entreprise","Finance / Comptabilité, Finance / Comptabilité",Finance / Comptabilité,contact_client,A,finance_comptabilite,False,finance_comptabilite
"Gestion / Entreprise, Gestion / Entreprise, Langues étrangères","Economie, Mathématiques, Gestion / Entreprise","Commerce / Marketing, Mathématiques",bureau,Technique,economie_management,False,economie_management
"Droit / Juridique, Langues étrangères","Droit / Juridique, Langues étrangères",Droit / Juridique,laboratoire,A,droit,False,droit
"Mécanique / Industrie, Mécanique / Industrie, Mécanique / Industrie","Mathématiques, Mécanique / Industrie, Mathématiques",Mécanique / Industrie,atelier,S,genie_industriel,True,genie_civil
"Gestion / Entreprise, Langues étrangères, Finance / Comptabilité, Gestion / Entreprise","Gestion / Entreprise, Economie, Communication",,bureau,A,commerce_gestion,False,commerce_gestion
"Droit / Juridique, Langues étrangères","Droit / Juridique, Langues étrangères",Droit / Juridique,bureau,A,droit,False,droit
"Economie, Commerce / Marketing, Economie, Statistiques / Données","Langues étrangères, Gestion / Entreprise, Economie",,bureau,A,economie_management,False,economie_management
"Droit / Juridique, Langues étrangères","Droit / Juridique, Langues étrangères",,laboratoire,Technique,droit,False,droit
"Mines / Géologie, Mines / Géologie",Mathématiques,"Mécanique / Industrie, Mines / Géologie",terrain,S,chimie_mines,False,chimie_mines
"Gestion / Entreprise, Gestion / Entreprise","Gestion / Entreprise, Gestion / Entreprise, Gestion / Entreprise",,bureau,D,commerce_gestion,False,commerce_gestion
"Tourisme / Environnement, Langues étrangères","Tourisme / Environnement, Langues étrangères","Tourisme / Environnement, Langues étrangères",atelier,D,tourisme_environnement,False,tourisme_environnement
"Communication, Communication","Tourisme / Environnement, Hôtellerie / Accueil",,terrain,D,hotellerie_restauration,False,hotellerie_restauration
"Communication, Tourisme / Environnement, Hôtellerie / Accueil, Langues étrangères","Communication, Hôtellerie / Accueil","Hôtellerie / Accueil, Communication",contact_client,Autre,hotellerie_restauration,False,hotellerie_restauration
"Chimie, Biologie / Santé, Pharmacie / Médicament","Chimie, Biologie / Santé, Pharmacie / Médicament","Chimie, Biologie / Santé",laboratoire,D,pharmacie_sante,False,pharmacie_sante
"Mines / Géologie, Chimie, Mécanique / Industrie","Mines / Géologie, Mines / Géologie","Chimie, Mécanique / Industrie",terrain,D,chimie_mines,False,chimie_mines
"Chimie, Biologie / Santé, Pharmacie / Médicament","Pharmacie / Médicament, Chimie",Biologie / Santé,laboratoire,D,pharmacie_sante,False,pharmacie_sante
"Droit / Juridique, Langues étrangères",Droit / Juridique,,bureau,D,droit,False,droit
"Chimie, Biologie / Santé, Pharmacie / Médicament","Chimie, Biologie / Santé, Pharmacie / Médicament",Pharmacie / Médicament,laboratoire,D,pharmacie_sante,False,pharmacie_sante
"Biologie / Santé, Agroalimentaire, Agroalimentaire",Agroalimentaire,"Agroalimentaire, Agroalimentaire",laboratoire,S,agroalimentaire,False,agroalimentaire
"Physique / Electronique, Informatique / Programmation","Réseaux / Systèmes, Informatique / Programmation, Informatique / Programmation",,atelier,S,reseaux_electronique,False,reseaux_electronique
"Physique / Electronique, Mécanique / Industrie, Mécanique / Industrie",Physique / Electronique,"Informatique / Programmation, Physique / Electronique",laboratoire,S,genie_industriel,True,chimie_mines
"Biologie / Santé, Agriculture / Elevage","Biologie / Santé, Agriculture / Elevage",,terrain,S,agriculture_elevage,False,agriculture_elevage
"Droit / Juridique, Langues étrangères","Droit / Juridique, Langues étrangères",Langues étrangères,bureau,Autre,droit,False,droit
"Informatique / Programmation, Economie, Informatique / Programmation","Informatique / Programmation, Economie",,bureau,Autre,data_ia,False,data_ia
"Biologie / Santé, Agriculture / Elevage","Biologie / Santé, Agriculture / Elevage","Biologie / Santé, Agriculture / Elevage",terrain,D,agriculture_elevage,False,agriculture_elevage
"Droit / Juridique, Langues étrangères","Droit / Juridique, Langues étrangères",Droit / Juridique,bureau,D,droit,False,droit
"Intelligence artificielle, Physique / Electronique, Physique / Electronique",Informatique / Programmation,,atelier,S,reseaux_electronique,False,reseaux_electronique
"Physique / Electronique, Mathématiques","Mines / Géologie, Mathématiques",,terrain,S,chimie_mines,False,chimie_mines
"Mathématiques, Economie, Statistiques / Données","Langues étrangères, Gestion / Entreprise, Gestion / Entreprise","Commerce / Marketing, Gestion / Entreprise",atelier,D,economie_management,False,economie_management
"Finance / Comptabilité, Langues étrangères, Finance / Comptabilité",Finance / Comptabilité,Finance / Comptabilité,bureau,L,finance_comptabilite,False,finance_comptabilite
"Chimie, Biologie / Santé, Agriculture / Elevage, Agroalimentaire",Agroalimentaire,"Chimie, Biologie / Santé",bureau,D,agroalimentaire,False,agroalimentaire
"Mathématiques, Mathématiques, Mathématiques","Intelligence artificielle, Intelligence artificielle","Mathématiques, Mathématiques",bureau,S,data_ia,False,data_ia
"Finance / Comptabilité, Finance / Comptabilité, Finance / Comptabilité","Mathématiques, Mathématiques, Gestion / Entreprise",,laboratoire,D,finance_comptabilite,False,finance_comptabilite
"Biologie / Santé, Agriculture / Elevage",Agriculture / Elevage,,terrain,S,agriculture_elevage,False,agriculture_elevage
"Droit / Juridique, Langues étrangères",Droit / Juridique,,bureau,Technique,droit,False,droit
"Droit / Juridique, Langues étrangères","Droit / Juridique, Langues étrangères",,bureau,D,droit,False,droit
"Langues étrangères, Communication","Communication, Economie, Commerce / Marketing","Commerce / Marketing, Commerce / Marketing",bureau,D,commerce_gestion,False,commerce_gestion
"Mines / Géologie, Physique / Electronique, Mines / Géologie, Chimie","Mathématiques, Mines / Géologie, Mécanique / Industrie","Physique / Electronique, Chimie",terrain,S,chimie_mines,False,chimie_mines
"Informatique / Programmation, Réseaux / Systèmes",Intelligence artificielle,Informatique / Programmation,terrain,S,reseaux_electronique,False,reseaux_electronique
"Droit / Juridique, Langues étrangères",Droit / Juridique,Droit / Juridique,bureau,D,droit,False,droit
"Gestion / Entreprise, Economie, Commerce / Marketing, Communication","Gestion / Entreprise, Economie","Finance / Comptabilité, Economie",bureau,D,commerce_gestion,False,commerce_gestion
"Génie civil / Architecture, Mécanique / Industrie","Mathématiques, Mécanique / Industrie, Génie civil / Architecture",Génie civil / Architecture,terrain,D,genie_civil,False,genie_civil
"Physique / Electronique, Informatique / Programmation","Physique / Electronique, Mathématiques, Mécanique / Industrie",,atelier,S,genie_industriel,False,genie_industriel
"Chimie, Biologie / Santé, Agriculture / Elevage, Agroalimentaire","Agroalimentaire, Agroalimentaire",Agriculture / Elevage,laboratoire,D,agroalimentaire,False,agroalimentaire
"Statistiques / Données, Mathématiques","Statistiques / Données, Economie",,atelier,S,data_ia,False,data_ia
"Biologie / Santé, Agriculture / Elevage","Biologie / Santé, Agriculture / Elevage",,terrain,S,agriculture_elevage,False,agriculture_elevage
"Economie, Statistiques / Données, Commerce / Marketing, Gestion / Entreprise","Langues étrangères, Gestion / Entreprise","Statistiques / Données, Statistiques / Données",bureau,A,economie_management,False,economie_management
"Mathématiques, Intelligence artificielle","Intelligence artificielle, Mathématiques","Statistiques / Données, Statistiques / Données",bureau,D,data_ia,True,finance_comptabilite
"Tourisme / Environnement, Langues étrangères",Tourisme / Environnement,,terrain,D,tourisme_environnement,False,tourisme_environnement
"Droit / Juridique, Langues étrangères",Langues étrangères,Droit / Juridique,bureau,A,droit,False,droit
"Physique / Electronique, Physique / Electronique, Informatique / Programmation","Réseaux / Systèmes, Réseaux / Systèmes, Physique / Electronique",Intelligence artificielle,atelier,S,reseaux_electronique,False,reseaux_electronique
"Tourisme / Environnement, Langues étrangères",Tourisme / Environnement,Langues étrangères,terrain,D,tourisme_environnement,False,tourisme_environnement
"Chimie, Biologie / Santé, Pharmacie / Médicament","Chimie, Biologie / Santé, Pharmacie / Médicament",,laboratoire,D,pharmacie_sante,False,pharmacie_sante
"Intelligence artificielle, Intelligence artificielle",Réseaux / Systèmes,"Intelligence artificielle, Physique / Electronique",atelier,Autre,reseaux_electronique,False,reseaux_electronique
"Economie, Communication, Gestion / Entreprise, Gestion / Entreprise","Gestion / Entreprise, Economie",Finance / Comptabilité,atelier,A,commerce_gestion,False,commerce_gestion
"Biologie / Santé, Agriculture / Elevage","Biologie / Santé, Agriculture / Elevage",Agriculture / Elevage,terrain,S,agriculture_elevage,False,agriculture_elevage
"Mathématiques, Economie","Statistiques / Données, Statistiques / Données",Statistiques / Données,bureau,S,data_ia,False,data_ia
"Réseaux / Systèmes, Mathématiques","Multimédia / Design, Informatique / Programmation",,bureau,S,informatique_numerique,False,informatique_numerique
"Chimie, Mécanique / Industrie","Mines / Géologie, Chimie, Mathématiques",Mines / Géologie,terrain,S,chimie_mines,False,chimie_mines
"Chimie, Biologie / Santé, Agriculture / Elevage, Agroalimentaire","Biologie / Santé, Agroalimentaire, Agroalimentaire",Biologie / Santé,laboratoire,D,agroalimentaire,False,agroalimentaire
"Informatique / Programmation, Statistiques / Données, Informatique / Programmation",Mathématiques,"Economie, Intelligence artificielle",terrain,S,data_ia,False,data_ia
"Mathématiques, Communication, Mathématiques","Communication, Informatique / Programmation","Intelligence artificielle, Intelligence artificielle",bureau,S,informatique_numerique,False,informatique_numerique
"Mathématiques, Commerce / Marketing, Mathématiques",Statistiques / Données,,bureau,A,economie_management,False,economie_management
"Tourisme / Environnement, Langues étrangères","Tourisme / Environnement, Langues étrangères",,bureau,A,tourisme_environnement,False,tourisme_environnement
"Statistiques / Données, Statistiques / Données, Mathématiques, Statistiques / Données",Economie,"Commerce / Marketing, Statistiques / Données",bureau,A,economie_management,False,economie_management
"Informatique / Programmation, Informatique / Programmation, Statistiques / Données",Statistiques / Données,"Statistiques / Données, Economie",bureau,Autre,data_ia,False,data_ia
"Gestion / Entreprise, Economie, Langues étrangères","Mathématiques, Economie",,bureau,D,economie_management,False,economie_management
"Mines / Géologie, Mines / Géologie, Mines / Géologie",Chimie,,terrain,Autre,chimie_mines,False,chimie_mines
"Mécanique / Industrie, Physique / Electronique",Mécanique / Industrie,Mathématiques,atelier,D,genie_industriel,False,genie_industriel
"Gestion / Entreprise, Multimédia / Design, Réseaux / Systèmes","Mathématiques, Gestion / Entreprise, Réseaux / Systèmes","Informatique / Programmation, Informatique / Programmation",bureau,S,informatique_numerique,False,informatique_numerique
"Tourisme / Environnement, Tourisme / Environnement, Communication","Communication, Tourisme / Environnement",Hôtellerie / Accueil,contact_client,A,hotellerie_restauration,False,hotellerie_restauration
"Biologie / Santé, Chimie",Biologie / Santé,"Pharmacie / Médicament, Pharmacie / Médicament",laboratoire,Autre,pharmacie_sante,False,pharmacie_sante
"Génie civil / Architecture, Génie civil / Architecture","Génie civil / Architecture, Mathématiques",Génie civil / Architecture,terrain,S,genie_civil,False,genie_civil
"Biologie / Santé, Agriculture / Elevage",Biologie / Santé,,bureau,S,agriculture_elevage,False,agriculture_elevage
"Droit / Juridique, Langues étrangères","Droit / Juridique, Langues étrangères",,bureau,A,droit,False,droit
"Communication, Statistiques / Données, Gestion / Entreprise","Réseaux / Systèmes, Informatique / Programmation, Réseaux / Systèmes",Multimédia / Design,bureau,S,informatique_numerique,False,informatique_numerique
"Biologie / Santé, Agriculture / Elevage","Biologie / Santé, Agriculture / Elevage","Biologie / Santé, Agriculture / Elevage",terrain,D,agriculture_elevage,False,agriculture_elevage
"Informatique / Programmation, Communication","Mathématiques, Gestion / Entreprise, Statistiques / Données","Informatique / Programmation, Réseaux / Systèmes",bureau,S,informatique_numerique,False,informatique_numerique
"Biologie / Santé, Biologie / Santé","Chimie, Biologie / Santé, Pharmacie / Médicament","Pharmacie / Médicament, Pharmacie / Médicament",laboratoire,S,pharmacie_sante,False,pharmacie_sante
"Droit / Juridique, Langues étrangères",Droit / Juridique,"Droit / Juridique, Langues étrangères",bureau,L,droit,False,droit
"Mécanique / Industrie, Mathématiques",Mathématiques,Informatique / Programmation,laboratoire,Autre,genie_industriel,False,genie_industriel
"Pharmacie / Médicament, Chimie","Pharmacie / Médicament, Chimie",,laboratoire,S,pharmacie_sante,False,pharmacie_sante
"Informatique / Programmation, Intelligence artificielle, Réseaux / Systèmes, Physique / Electronique",Intelligence artificielle,Informatique / Programmation,atelier,Autre,reseaux_electronique,False,reseaux_electronique
"Chimie, Biologie / Santé, Pharmacie / Médicament","Chimie, Biologie / Santé, Pharmacie / Médicament",Biologie / Santé,laboratoire,S,pharmacie_sante,False,pharmacie_sante
"Gestion / Entreprise, Finance / Comptabilité, Finance / Comptabilité",Commerce / Marketing,Economie,atelier,D,commerce_gestion,False,commerce_gestion
"Informatique / Programmation, Réseaux / Systèmes, Mathématiques","Communication, Gestion / Entreprise",Gestion / Entreprise,bureau,D,informatique_numerique,False,informatique_numerique
"Chimie, Biologie / Santé, Agriculture / Elevage, Agroalimentaire","Agriculture / Elevage, Agriculture / Elevage, Chimie",Chimie,atelier,S,agroalimentaire,False,agroalimentaire
"Tourisme / Environnement, Hôtellerie / Accueil, Tourisme / Environnement","Tourisme / Environnement, Hôtellerie / Accueil",Communication,contact_client,D,hotellerie_restauration,True,tourisme_environnement
"Droit / Juridique, Langues étrangères",Droit / Juridique,Droit / Juridique,bureau,A,droit,False,droit
"Mathématiques, Informatique / Programmation, Informatique / Programmation","Statistiques / Données, Intelligence artificielle, Statistiques / Données",,bureau,S,data_ia,False,data_ia
"Tourisme / Environnement, Langues étrangères","Tourisme / Environnement, Langues étrangères",,terrain,A,tourisme_environnement,False,tourisme_environnement
"Tourisme / Environnement, Langues étrangères",Tourisme / Environnement,Langues étrangères,terrain,D,tourisme_environnement,False,tourisme_environnement
"Informatique / Programmation, Physique / Electronique",Mécanique / Industrie,"Mathématiques, Mécanique / Industrie",contact_client,S,genie_industriel,False,genie_industriel
"Mathématiques, Mécanique / Industrie, Génie civil / Architecture","Mathématiques, Mécanique / Industrie, Génie civil / Architecture",,terrain,D,genie_civil,False,genie_civil
"Communication, Hôtellerie / Accueil, Communication",Langues étrangères,Hôtellerie / Accueil,contact_client,A,hotellerie_restauration,False,hotellerie_restauration
"Mécanique / Industrie, Mathématiques",Génie civil / Architecture,Génie civil / Architecture,terrain,S,genie_civil,False,genie_civil
"Mathématiques, Mécanique / Industrie, Génie civil / Architecture",Génie civil / Architecture,Mécanique / Industrie,terrain,D,genie_civil,False,genie_civil
"Pharmacie / Médicament, Chimie","Chimie, Biologie / Santé, Pharmacie / Médicament",Chimie,laboratoire,S,pharmacie_sante,False,pharmacie_sante
"Chimie, Biologie / Santé, Agriculture / Elevage, Agroalimentaire","Biologie / Santé, Chimie, Chimie",Biologie / Santé,contact_client,S,agroalimentaire,False,agroalimentaire
"Langues étrangères, Economie",Mathématiques,"Commerce / Marketing, Mathématiques",bureau,D,economie_management,False,economie_management
"Finance / Comptabilité, Langues étrangères, Langues étrangères",Finance / Comptabilité,Finance / Comptabilité,bureau,A,finance_comptabilite,False,finance_comptabilite
"Langues étrangères, Mathématiques, Finance / Comptabilité, Finance / Comptabilité","Finance / Comptabilité, Langues étrangères",,bureau,D,finance_comptabilite,False,finance_comptabilite
"Chimie, Chimie, Mécanique / Industrie, Mines / Géologie","Mines / Géologie, Chimie",Mines / Géologie,terrain,S,chimie_mines,True,genie_civil
"Gestion / Entreprise, Statistiques / Données",Economie,"Economie, Langues étrangères",bureau,Autre,economie_management,False,economie_management
"Mathématiques, Gestion / Entreprise, Statistiques / Données, Economie","Statistiques / Données, Commerce / Marketing, Statistiques / Données",,bureau,D,economie_management,False,economie_management
"Agroalimentaire, Agriculture / Elevage, Agroalimentaire","Agroalimentaire, Agriculture / Elevage, Agriculture / Elevage",Agroalimentaire,laboratoire,Autre,agroalimentaire,False,agroalimentaire
"Langues étrangères, Hôtellerie / Accueil, Hôtellerie / Accueil",Hôtellerie / Accueil,Hôtellerie / Accueil,contact_client,D,hotellerie_restauration,False,hotellerie_restauration
"Multimédia / Design, Informatique / Programmation, Multimédia / Design, Mathématiques",Intelligence artificielle,Statistiques / Données,bureau,S,informatique_numerique,True,genie_industriel
"Informatique / Programmation, Physique / Electronique, Physique / Electronique","Mécanique / Industrie, Mécanique / Industrie, Mécanique / Industrie",,bureau,D,genie_industriel,False,genie_industriel
"Informatique / Programmation, Intelligence artificielle, Réseaux / Systèmes, Physique / Electronique","Réseaux / Systèmes, Physique / Electronique","Réseaux / Systèmes, Intelligence artificielle",atelier,D,reseaux_electronique,False,reseaux_electronique
"Hôtellerie / Accueil, Hôtellerie / Accueil","Communication, Hôtellerie / Accueil, Langues étrangères",,atelier,D,hotellerie_restauration,False,hotellerie_restauration
"Economie, Commerce / Marketing, Gestion / Entreprise, Economie","Communication, Finance / Comptabilité",,bureau,Technique,commerce_gestion,False,commerce_gestion
"Droit / Juridique, Langues étrangères","Droit / Juridique, Langues étrangères",,laboratoire,Autre,droit,False,droit
"Langues étrangères, Langues étrangères, Finance / Comptabilité","Finance / Comptabilité, Langues étrangères","Finance / Comptabilité, Statistiques / Données",bureau,A,finance_comptabilite,False,finance_comptabilite
"Statistiques / Données, Finance / Comptabilité, Statistiques / Données",Gestion / Entreprise,,laboratoire,A,finance_comptabilite,True,economie_management
"Finance / Comptabilité, Mathématiques","Statistiques / Données, Gestion / Entreprise, Finance / Comptabilité","Gestion / Entreprise, Finance / Comptabilité",bureau,A,finance_comptabilite,False,finance_comptabilite
"Droit / Juridique, Langues étrangères","Droit / Juridique, Langues étrangères","Droit / Juridique, Langues étrangères",bureau,D,droit,False,droit
"Communication, Tourisme / Environnement, Hôtellerie / Accueil, Langues étrangères","Hôtellerie / Accueil, Hôtellerie / Accueil","Langues étrangères, Hôtellerie / Accueil",contact_client,D,hotellerie_restauration,False,hotellerie_restauration
"Mécanique / Industrie, Physique / Electronique, Physique / Electronique","Mécanique / Industrie, Physique / Electronique, Mécanique / Industrie",,atelier,S,genie_industriel,True,genie_civil
"Gestion / Entreprise, Langues étrangères, Mathématiques","Finance / Comptabilité, Gestion / Entreprise",,bureau,Autre,finance_comptabilite,False,finance_comptabilite
"Statistiques / Données, Gestion / Entreprise, Statistiques / Données, Gestion / Entreprise",Finance / Comptabilité,,bureau,A,finance_comptabilite,False,finance_comptabilite
"Droit / Juridique, Langues étrangères",Droit / Juridique,,bureau,Autre,droit,False,droit
"Droit / Juridique, Langues étrangères","Droit / Juridique, Langues étrangères",,atelier,Technique,droit,False,droit
"Tourisme / Environnement, Langues étrangères","Tourisme / Environnement, Langues étrangères",,bureau,A,tourisme_environnement,False,tourisme_environnement
"Mathématiques, Commerce / Marketing, Economie",Economie,Economie,bureau,D,economie_management,False,economie_management
"Biologie / Santé, Agriculture / Elevage","Biologie / Santé, Agriculture / Elevage","Biologie / Santé, Agriculture / Elevage",terrain,D,agriculture_elevage,False,agriculture_elevage
"Physique / Electronique, Mécanique / Industrie, Mathématiques",Informatique / Programmation,,atelier,D,genie_industriel,False,genie_industriel
"Statistiques / Données, Intelligence artificielle, Statistiques / Données, Economie","Intelligence artificielle, Intelligence artificielle, Informatique / Programmation","Statistiques / Données, Economie",bureau,S,data_ia,False,data_ia
"Biologie / Santé, Chimie","Chimie, Biologie / Santé",Pharmacie / Médicament,laboratoire,Autre,pharmacie_sante,False,pharmacie_sante
"Intelligence artificielle, Intelligence artificielle, Mathématiques, Mathématiques","Intelligence artificielle, Mathématiques, Economie","Intelligence artificielle, Informatique / Programmation",bureau,D,data_ia,False,data_ia
"Langues étrangères, Hôtellerie / Accueil, Langues étrangères",Communication,,contact_client,A,hotellerie_restauration,False,hotellerie_restauration
"Agroalimentaire, Chimie","Agriculture / Elevage, Agriculture / Elevage","Agroalimentaire, Agriculture / Elevage",laboratoire,D,agroalimentaire,False,agroalimentaire
"Mathématiques, Mathématiques, Mines / Géologie","Mécanique / Industrie, Mathématiques",,terrain,S,chimie_mines,False,chimie_mines
"Informatique / Programmation, Mathématiques, Physique / Electronique, Mécanique / Industrie",Mécanique / Industrie,"Informatique / Programmation, Physique / Electronique",atelier,D,genie_industriel,False,genie_industriel
"Langues étrangères, Commerce / Marketing, Langues étrangères",Langues étrangères,Gestion / Entreprise,laboratoire,L,commerce_gestion,False,commerce_gestion
"Chimie, Biologie / Santé, Agriculture / Elevage, Agroalimentaire",Agroalimentaire,"Chimie, Agroalimentaire",laboratoire,S,agroalimentaire,False,agroalimentaire
"Biologie / Santé, Agriculture / Elevage",Agriculture / Elevage,Agriculture / Elevage,terrain,S,agriculture_elevage,False,agriculture_elevage
"Communication, Communication","Langues étrangères, Hôtellerie / Accueil, Tourisme / Environnement",Langues étrangères,contact_client,D,hotellerie_restauration,True,tourisme_environnement
"Biologie / Santé, Agriculture / Elevage","Biologie / Santé, Agriculture / Elevage",,terrain,D,agriculture_elevage,False,agriculture_elevage
"Mathématiques, Mathématiques, Physique / Electronique",Mathématiques,Mines / Géologie,bureau,D,chimie_mines,False,chimie_mines
"Mathématiques, Mécanique / Industrie, Génie civil / Architecture",Mécanique / Industrie,,bureau,S,genie_civil,False,genie_civil
"Hôtellerie / Accueil, Hôtellerie / Accueil","Langues étrangères, Langues étrangères, Hôtellerie / Accueil",Langues étrangères,atelier,D,hotellerie_restauration,False,hotellerie_restauration
"Finance / Comptabilité, Langues étrangères, Statistiques / Données, Finance / Comptabilité","Finance / Comptabilité, Finance / Comptabilité",,bureau,A,finance_comptabilite,False,finance_comptabilite
"Statistiques / Données, Informatique / Programmation, Gestion / Entreprise, Multimédia / Design","Multimédia / Design, Mathématiques, Multimédia / Design",Mathématiques,laboratoire,C,informatique_numerique,False,informatique_numerique
"Informatique / Programmation, Mathématiques, Physique / Electronique, Mécanique / Industrie","Mathématiques, Mathématiques","Physique / Electronique, Informatique / Programmation",atelier,S,genie_industriel,False,genie_industriel
"Statistiques / Données, Gestion / Entreprise",Langues étrangères,Gestion / Entreprise,bureau,A,economie_management,False,economie_management
"Physique / Electronique, Physique / Electronique, Mécanique / Industrie","Informatique / Programmation, Physique / Electronique",,atelier,S,genie_industriel,False,genie_industriel
"Intelligence artificielle, Mathématiques, Intelligence artificielle, Multimédia / Design","Intelligence artificielle, Intelligence artificielle",Multimédia / Design,contact_client,Autre,informatique_numerique,False,informatique_numerique
"Gestion / Entreprise, Economie, Finance / Comptabilité, Gestion / Entreprise",Langues étrangères,Commerce / Marketing,bureau,Autre,commerce_gestion,False,commerce_gestion
"Statistiques / Données, Mathématiques",Informatique / Programmation,Informatique / Programmation,bureau,D,data_ia,False,data_ia
"Mathématiques, Mécanique / Industrie, Génie civil / Architecture","Mathématiques, Mécanique / Industrie, Génie civil / Architecture","Génie civil / Architecture, Génie civil / Architecture",terrain,D,genie_civil,False,genie_civil
"Informatique / Programmation, Mathématiques, Physique / Electronique, Mécanique / Industrie","Mécanique / Industrie, Physique / Electronique, Physique / Electronique","Informatique / Programmation, Mathématiques",contact_client,Autre,genie_industriel,False,genie_industriel
"Economie, Statistiques / Données",Mathématiques,,terrain,D,data_ia,False,data_ia
"Mathématiques, Mines / Géologie, Mathématiques, Mines / Géologie","Mines / Géologie, Mathématiques, Mines / Géologie",Mécanique / Industrie,terrain,C,chimie_mines,False,chimie_mines
"Informatique / Programmation, Réseaux / Systèmes, Statistiques / Données, Informatique / Programmation","Réseaux / Systèmes, Multimédia / Design, Intelligence artificielle",Réseaux / Systèmes,laboratoire,S,informatique_numerique,False,informatique_numerique
"Physique / Electronique, Informatique / Programmation, Mécanique / Industrie",Mathématiques,"Mécanique / Industrie, Mécanique / Industrie",contact_client,D,genie_industriel,False,genie_industriel
"Informatique / Programmation, Statistiques / Données, Réseaux / Systèmes","Réseaux / Systèmes, Communication",,bureau,D,informatique_numerique,False,informatique_numerique
"Finance / Comptabilité, Gestion / Entreprise, Gestion / Entreprise, Langues étrangères","Finance / Comptabilité, Finance / Comptabilité","Statistiques / Données, Statistiques / Données",bureau,D,finance_comptabilite,False,finance_comptabilite
"Biologie / Santé, Chimie",Chimie,,laboratoire,S,pharmacie_sante,False,pharmacie_sante
"Informatique / Programmation, Intelligence artificielle, Réseaux / Systèmes, Physique / Electronique","Physique / Electronique, Physique / Electronique, Réseaux / Systèmes",Informatique / Programmation,atelier,S,reseaux_electronique,False,reseaux_electronique
"Communication, Tourisme / Environnement, Hôtellerie / Accueil, Langues étrangères","Tourisme / Environnement, Communication",Tourisme / Environnement,contact_client,L,hotellerie_restauration,False,hotellerie_restauration
"Mathématiques, Physique / Electronique",Physique / Electronique,,atelier,S,genie_industriel,False,genie_industriel
"Informatique / Programmation, Statistiques / Données","Statistiques / Données, Intelligence artificielle, Intelligence artificielle",Intelligence artificielle,bureau,S,data_ia,False,data_ia
"Chimie, Biologie / Santé, Agriculture / Elevage, Agroalimentaire",Biologie / Santé,"Agroalimentaire, Biologie / Santé",contact_client,S,agroalimentaire,False,agroalimentaire
"Intelligence artificielle, Réseaux / Systèmes, Réseaux / Systèmes, Intelligence artificielle",Intelligence artificielle,"Communication, Gestion / Entreprise",bureau,D,informatique_numerique,False,informatique_numerique
"Pharmacie / Médicament, Chimie","Chimie, Biologie / Santé, Pharmacie / Médicament",Chimie,laboratoire,S,pharmacie_sante,False,pharmacie_sante
"Economie, Commerce / Marketing, Gestion / Entreprise","Communication, Commerce / Marketing","Commerce / Marketing, Communication",laboratoire,Technique,commerce_gestion,False,commerce_gestion
"Agroalimentaire, Agroalimentaire, Agroalimentaire","Agriculture / Elevage, Agriculture / Elevage",Agroalimentaire,contact_client,S,agroalimentaire,False,agroalimentaire
"Chimie, Biologie / Santé, Agriculture / Elevage, Agroalimentaire","Agriculture / Elevage, Agriculture / Elevage","Chimie, Agroalimentaire",contact_client,C,agroalimentaire,False,agroalimentaire
"Informatique / Programmation, Economie, Economie, Informatique / Programmation","Informatique / Programmation, Intelligence artificielle",,bureau,Autre,data_ia,False,data_ia
"Langues étrangères, Gestion / Entreprise, Commerce / Marketing, Communication","Langues étrangères, Economie, Communication",,bureau,A,commerce_gestion,False,commerce_gestion
"Chimie, Biologie / Santé, Agriculture / Elevage, Agroalimentaire",Chimie,"Agroalimentaire, Agroalimentaire",terrain,C,agroalimentaire,True,chimie_mines
"Mathématiques, Statistiques / Données, Economie","Informatique / Programmation, Statistiques / Données","Mathématiques, Mathématiques",bureau,S,data_ia,False,data_ia
"Economie, Economie",Commerce / Marketing,,bureau,A,economie_management,False,economie_management
"Informatique / Programmation, Informatique / Programmation","Intelligence artificielle, Mathématiques",Mathématiques,bureau,C,data_ia,False,data_ia
"Chimie, Biologie / Santé, Agriculture / Elevage, Agroalimentaire","Agroalimentaire, Agroalimentaire, Agroalimentaire",,bureau,C,agroalimentaire,False,agroalimentaire
"Langues étrangères, Communication, Hôtellerie / Accueil","Tourisme / Environnement, Hôtellerie / Accueil, Langues étrangères",,bureau,Autre,hotellerie_restauration,False,hotellerie_restauration
"Chimie, Biologie / Santé, Agriculture / Elevage, Agroalimentaire","Agroalimentaire, Agroalimentaire, Agroalimentaire","Chimie, Agroalimentaire",contact_client,Autre,agroalimentaire,False,agroalimentaire
"Chimie, Mécanique / Industrie, Mécanique / Industrie, Mécanique / Industrie","Mines / Géologie, Mathématiques, Mécanique / Industrie","Mines / Géologie, Mécanique / Industrie",terrain,D,chimie_mines,False,chimie_mines
"Multimédia / Design, Informatique / Programmation","Statistiques / Données, Gestion / Entreprise",,bureau,C,informatique_numerique,False,informatique_numerique
"Biologie / Santé, Agriculture / Elevage","Biologie / Santé, Agriculture / Elevage",Agriculture / Elevage,terrain,D,agriculture_elevage,False,agriculture_elevage
"Tourisme / Environnement, Langues étrangères",Tourisme / Environnement,,terrain,D,tourisme_environnement,False,tourisme_environnement
"Agroalimentaire, Chimie",Chimie,Biologie / Santé,atelier,S,agroalimentaire,False,agroalimentaire
"Mathématiques, Mathématiques, Mathématiques","Mécanique / Industrie, Mécanique / Industrie, Physique / Electronique","Mécanique / Industrie, Informatique / Programmation",atelier,S,genie_industriel,False,genie_industriel
"Informatique / Programmation, Intelligence artificielle, Multimédia / Design, Mathématiques",Communication,"Multimédia / Design, Gestion / Entreprise",bureau,S,informatique_numerique,False,informatique_numerique
"Droit / Juridique, Langues étrangères","Droit / Juridique, Langues étrangères","Droit / Juridique, Langues étrangères",bureau,A,droit,False,droit
"Langues étrangères, Hôtellerie / Accueil, Hôtellerie / Accueil","Communication, Hôtellerie / Accueil, Hôtellerie / Accueil","Hôtellerie / Accueil, Tourisme / Environnement",contact_client,D,hotellerie_restauration,False,hotellerie_restauration
"Physique / Electronique, Physique / Electronique, Intelligence artificielle","Informatique / Programmation, Physique / Electronique, Informatique / Programmation",Intelligence artificielle,atelier,C,reseaux_electronique,False,reseaux_electronique
"Agriculture / Elevage, Chimie",Biologie / Santé,,terrain,D,agroalimentaire,False,agroalimentaire
"Informatique / Programmation, Mathématiques, Physique / Electronique, Mécanique / Industrie","Mathématiques, Mécanique / Industrie",Informatique / Programmation,atelier,C,genie_industriel,True,chimie_mines
"Multimédia / Design, Intelligence artificielle","Communication, Mathématiques, Intelligence artificielle",,bureau,S,informatique_numerique,False,informatique_numerique
"Economie, Commerce / Marketing","Economie, Commerce / Marketing, Commerce / Marketing","Finance / Comptabilité, Gestion / Entreprise",bureau,L,commerce_gestion,False,commerce_gestion
"Gestion / Entreprise, Statistiques / Données",Economie,"Gestion / Entreprise, Gestion / Entreprise",bureau,A,economie_management,True,finance_comptabilite
"Intelligence artificielle, Intelligence artificielle, Statistiques / Données",Informatique / Programmation,Multimédia / Design,bureau,D,informatique_numerique,False,informatique_numerique
"Agroalimentaire, Agriculture / Elevage","Biologie / Santé, Agroalimentaire","Agroalimentaire, Agriculture / Elevage",laboratoire,C,agroalimentaire,False,agroalimentaire
"Droit / Juridique, Langues étrangères","Droit / Juridique, Langues étrangères",Droit / Juridique,bureau,D,droit,False,droit
"Gestion / Entreprise, Commerce / Marketing, Gestion / Entreprise","Communication, Commerce / Marketing, Commerce / Marketing",,bureau,D,commerce_gestion,False,commerce_gestion
"Génie civil / Architecture, Génie civil / Architecture","Mathématiques, Mécanique / Industrie, Génie civil / Architecture",,terrain,S,genie_civil,False,genie_civil
"Chimie, Biologie / Santé",Pharmacie / Médicament,Pharmacie / Médicament,bureau,S,pharmacie_sante,False,pharmacie_sante
"Physique / Electronique, Physique / Electronique, Mécanique / Industrie","Mécanique / Industrie, Mécanique / Industrie","Mécanique / Industrie, Physique / Electronique",atelier,D,genie_industriel,False,genie_industriel
"Chimie, Biologie / Santé, Pharmacie / Médicament",Chimie,Biologie / Santé,laboratoire,Autre,pharmacie_sante,False,pharmacie_sante
"Chimie, Chimie",Agroalimentaire,"Chimie, Agroalimentaire",laboratoire,S,agroalimentaire,False,agroalimentaire
"Tourisme / Environnement, Langues étrangères","Tourisme / Environnement, Langues étrangères","Tourisme / Environnement, Langues étrangères",terrain,A,tourisme_environnement,False,tourisme_environnement
"Chimie, Biologie / Santé, Pharmacie / Médicament",Pharmacie / Médicament,Chimie,laboratoire,C,pharmacie_sante,False,pharmacie_sante
"Finance / Comptabilité, Finance / Comptabilité",Statistiques / Données,Langues étrangères,bureau,A,finance_comptabilite,False,finance_comptabilite
"Gestion / Entreprise, Langues étrangères, Finance / Comptabilité, Commerce / Marketing","Commerce / Marketing, Commerce / Marketing, Gestion / Entreprise","Finance / Comptabilité, Langues étrangères",laboratoire,D,commerce_gestion,True,tourisme_environnement
"Economie, Economie","Mathématiques, Commerce / Marketing","Economie, Mathématiques",bureau,A,economie_management,False,economie_management
"Physique / Electronique, Intelligence artificielle, Physique / Electronique",Physique / Electronique,,atelier,D,reseaux_electronique,False,reseaux_electronique
"Biologie / Santé, Biologie / Santé, Chimie",Chimie,Chimie,laboratoire,D,agroalimentaire,False,agroalimentaire
"Statistiques / Données, Finance / Comptabilité, Gestion / Entreprise, Finance / Comptabilité",Finance / Comptabilité,"Finance / Comptabilité, Finance / Comptabilité",laboratoire,A,finance_comptabilite,False,finance_comptabilite
